SR-1.1,5-prom Cdr2 KpnI,ggggtaccatgaataatttcataatactgatgcc,
SR-1.2,3-prom Cdr2 XhoI,catccgctcgagacacttcaactattcaaaagaacc,
SR-1.3,5’ Cdr2 XhoI,catccgctcgag atg agt aca att tca gaa gtt gga c,
SR-1.4,3’ Cdr2 NotI,aaggaaaaaagcggccgccactttggacggattgtcgttgac,
SR-1.5,3’-529-Cdr2,c tgg gga tgc gta atg ggg,
SR-1.6,5’-620-Cdr2,cg ttt gat gat gac aac att cg,
SR-1.7,5’-1229-Cdr2,cc caa tcc ata ctt caa cga cc,
SR-1.8,5’-1790-Cdr2,cc aaa cat aga aga aga caa tcg,
SR-1.9,5’ Cdr2 hlx,gc ttg gtt gct tca gaa gcg gaa cat gaa gct tta gaa gct gct aga aga gcg cag ctt gct ggt atc ggc att gc,
SR-1.10,3’ Cdr2 hlx,gc aat gcc gat acc agc aag ctg cgc tct tct agc agc ttc taa agc ttc atg ttc cgc ttc tga agc aac caa gc,
SR-1.11,5-hlx 1855 Cdr2,CCT TTT CAA CCA AAA CGA TCA GCT GCA AGG AGA GCA GCT AGT AGT GAG CCT TCT TGT AAA TGC,
SR-1.12,3-hlx 1855 Cdr2,GCATTTACAAGAAGGCTCACTACTAGCTGCTCTCCTTGCAGCTGATCGTTTTGGTTGAAAAGG,
SR-1.13,5-hlx 2146 Cdr2,GGT TCT TCT ACA ACT GCT GAC CAT GCG GCT ACA GAA GCC CAG CTG GCT GCT GAA GAT AAG GGG TTT TTG G,
SR-1.14,3-hlx 2146 Cdr2,CCAAAAACCCCTTATCTTCAGCAGCCAGCTGGGCTTCTGTAGCCGCATGGTCAGCAGTTGTAGAAGAACC,
SR-1.15,5-NLS 1766 Cdr2,CC TCT TAT GAT TCG TTG AAT GTT CCC AAC CAT CAG CAG CAG CAA TCG TTA TTC TCT CCT TCT TCT ACA AAC AAC AAC CTT TCC GGC TCA CC,
SR-1.16,3-NLS 1766 Cdr2,GGTGAGCCGGAAAGGTTGTTGTTTGTAGAAGAAGGAGAGAATAACGATTGCTGCTGCTGATGGTTGGGAACATTCAACGAATCATAAGAGG,
SR-1.17,3-Delta (281-330) Cdr2,g gtt gcg atc aac tgc agc gct ttg tat agg ggc tga tat g,
SR-1.18,5-Delta (281-330) Cdr2,agcgctgcagttgatcgcaacc,
SR-1.19,3-Delta (331-380) Cdr2,c aga agt agc agg tcg agg aac gga agg cgg atg caa gtg tct g,
SR-1.20,5-Delta (331-380) Cdr2,gttcctcgacctgctacttctg,
SR-1.21,3-Delta (381-430) Cdr2,gg ata tgc aag tcc tgg ggt aac aga ctc tgc agc ata aga aat tgg,
SR-1.22,5-Delta (381-430) Cdr2,gttaccccaggacttgcatatcc,
SR-1.23,5-Delta (431-480) Cdr2,gct gtt cct caa ctc cca aaa tca aat gat ttt cgt atg aat gag aat gac,
SR-1.24,3-Delta (431-480) Cdr2,tgattttgggagttgaggaacagc,
SR-1.25,5-Delta (481-530) Cdr2,gc gct act tca ctg gat atg tca agt gct ttt aat cca aga gtt act c,
SR-1.26,3-Delta (481-530) Cdr2,tgacatatccagtgaagtagcgc,
SR-1.27,5-Delta (531-590) Cdr2,c gta agc ttc ccg cgc ggc tat gat tcg ttg aat gtt ccc aaa c,
SR-1.28,3-Delta (531-590) Cdr2,gccgcgcgggaagcttacg,
SR-1.29,5-Delta (591-640) Cdr2,gat ctc tct caa tca cca gcc tct tat gcc agc ttg gtt gct tca g,
SR-1.30,3-Delta (591-640) Cdr2,agaggctggtgattgagagagatc,
SR-1.31,5-Delta (641-690) Cdr2,gt gag cct tct tgt aaa tgc gtc ctt aaa ccg gtt cgg ttt aga ata tc,
SR-1.32,3-Delta (641-690) Cdr2,gacgcatttacaagaaggctcac,
SR-1.33,5-Delta (691-747) Cdr2,cgt att aaa cga caa aat tca ctt aat gct tcg gca tcc aga cct gtt tc,
SR-1.34,3-Delta (691-747) Cdr2,attaagtgaattttgtcgtttaatacg,
SR-1.35,cdr2-TAG.FWD,CGGCATCCAGACCTGTTTCTCGAATGAGTGTAAGTAGTAGTCCTTTTGCTGTATTTCGTCAACGACAATCCGTCCAAAGTCGGATCCCCGGGTTAATTAA,
SR-1.36,cdr2-TAG.RVS,GTGGTTCCATATAGCAAGTTGAACAAGTAAAAGAAAAACATCAGAAAAAGAATGGAGGTCTATAAAGATATTGTTGGTGTGAATTCGAGCTCGTTTAAAC,
SR-1.37,5-hlx1945.A,gcttggttgcttcagaagcggaacatgaagctttagaagttcttag,
SR-1.38,3-hlx1945.A,ctaagaacttctaaagcttcatgttccgcttctgaagcaaccaagc,
SR-1.39,5-hlx1945.B,catgaagctttagaagctgctagaagagcgcagcttgctggtatcggcattgc,
SR-1.40,3-hlx1945.B,gcaatgccgataccagcaagctgcgctcttctagcagcttctaaagcttcatg,
SR-1.41,5-hlx1875,caaccaaaacgatcagctgcaaggagagcagctagtagtgagccttc,
SR-1.42,3-hlx1875,gaaggctcactactagctgctctccttgcagctgatcgttttggttg,
SR-1.43,5-hlx2160.A,ggttcttctacaactgctgaccatgcggctacagaattccag,
SR-1.44,3-hlx2160.A,ctggaattctgtagccgcatggtcagcagttgtagaagaacc,
SR-1.45,5-hlx2160.B,catgcggctacagaagcccagctggctgctgaagataagggg,
SR-1.46,3-hlx2160.B,ccccttatcttcagcagccagctgggcttctgtagccgcatg,
SR-1.47,5’-bsc1522,CGACAGGTATGGGACCTCCACAAAACCAAGTCACTTCTAGAATG,
SR-1.48,3’-bsc1522,CATTCTAGAAGTGACTTGGTTTTGTGGAGGTCCCATACCTGTCG,
SR-1.49,5’-bsc1792,GATTCGTTGAATGTTCCCAATCAACAACAACAACAATCGTTATTCTCTC,
SR-1.50,3’-bsc1792,GAGAGAATAACGATTGTTGTTGTTGTTGATTGGGAACATTCAACGAATC,
SR-1.51,5’-bsc1834,CTCTCCTTCTTCTACAAACAATAACCTTTCCGGCTCACCTTTTC,
SR-1.52,3’-bsc1834,GAAAAGGTGAGCCGGAAAGGTTATTGTTTGTAGAAGAAGGAGAG,
SR-1.53,5’ promCdr2 SalI,ACGCGTCGACATGAATAATTTCATAATACTGATGCC,
SR-1.54,3’ promCdr2 BamHI,CGCGGATCCACACTTCAACTATTCAAAAGAACC,
SR-1.55,5’ termCdr2 SacI,ACGCACGAGTCGACGATTCTCCAAAACCTTTGCAAAC,
SR-1.56,3’ termCdr2 SpeI,GGACTAGTTCGCTGCTTGTTCAAGTAATAAG,
SR-1.57,5’ GFP BamHI,CGCGGATCCATGAGTAAAGGAGAAGAACTTTTCAC,
SR-1.58,3’GFP PacI,CCTTAATTAATTTGTATAGTTCATCCATGCCATG,
SR-1.59,5’Cdr2 PacI,CCTTAATTAACAGTACAATTTCAGAAGTTGGACC,
SR-1.60,3’Cdr2 AscI,TTGGCGCGCCTTAACTTTGGACGGATTGTCG,
SR-1.61,Cdr2-CaaX AscI,TTGGCGCGCCTTACATCAAAATACAACAAAACTTCTCTAATTTGGAACCTTTCTTTTTAGGAGGTTTACTTTGGACGGATTGTCGTTG,
SR-1.62,GFP-Mod5CaaX AscI,TTGGCGCGCCTTACATCAAAATACAACAAAACTTCTCTAATTTGGAACCTTTCTTTTTAGGAGGTTTTTTGTATAGTTCATCCATGCCATG,
SR-1.63,5’-(7)-Cdr2 PacI,CCTTAATTAAC TATGATTCGTTGAATGTTCCCAAAC,
SR-1.64,3’(7)-Cdr2 NheI,TGGTTGCTAGC GACGCATTTACAAGAAGGCTCAC,
SR-1.65,5’-(7)-Cdr2 NheI,TGGTTGCTAGC TATGATTCGTTGAATGTTCCCAAAC,
SR-1.66,3’(7)-Cdr2 AscI,TTGGCGCGCC TTAGACGCATTTACAAGAAGGCTCAC,
SR-1.67,5’-(8)-Cdr2 PacI,CCTTAATTAAC TATGCCAGCTTGGTTGCTTCAG,
SR-1.68,3’-(8)-Cdr2 NheI,TGGTTGCTAGC ATTAAGTGAATTTTGTCGTTTAATACG,
SR-1.69,5’-(8)-Cdr2 NheI,TGGTTGCTAGC TATGCCAGCTTGGTTGCTTCAG,
SR-1.70,3’-(8)-Cdr2 AscI,TTGGCGCGCCTTA ATTAAGTGAATTTTGTCGTTTAATACG,
SR-1.71,5’-(9)-Cdr2 PacI,CCTTAATTAAC CTTAAACCGGTTCGGTTTAGAATATC,
SR-1.72,3’-(9)-Cdr2 NheI,TGGTTGCTAGC TTGAAAATAAGAGAGTTCCAAATTATC,
SR-1.73,5’-(9)-Cdr2 NheI,TGGTTGCTAGC CTTAAACCGGTTCGGTTTAGAATATC,
SR-1.74,3’-(9)-Cdr2 AscI,TTGGCGCGCCTTA TTGAAAATAAGAGAGTTCCAAATTATC,
SR-1.75,5’Cdr2-T573A,CTCTCGTCGTCTTCGTGCCCCTAGTGGGGAGAG,
SR-1.76,3’Cdr2-T573A,CTCTCCCCACTAGGGGCACGAAGACGACGAGAG,
SR-1.77,5’Cdr2-T573E,CTCTCGTCGTCTTCGTGAGCCTAGTGGGGAGAG,
SR-1.78,3’Cdr2-T573E,CTCTCCCCACTAGGCTCACGAAGACGACGAGAG,
SR-1.79,5’promCdr2(-60),gctgttctatgaatggggtttgg,
SR-1.80,3’Cdr2(60),ACGTGATGAATTTGGTCCTCC,
SR-1.81,3’GFP(100),GCATCACCTTCACCCTCTCC,
SR-2.1,5’GFP(650),GAGACCACATGGTCCTTCTTG,
SR-2.2,3’Tadh1,GCGACCTCATACTATACCTGAG,
SR-2.3,5’KanMX6,CGACATCATCTGCCCAGATGC,
SR-2.4,5’NatMX6,GACGACGAATCGGACGACG,
SR-2.5,5’ (-1100)cdr2chk,ccaatctgcgctgtcttcgc,
SR-2.6,3’ (1100)cdr2chk,taccaaacttgtttgtaactctac,
SR-2.7,3’Cdr2 NotI (plus STOP),AAGGAAAAAA GCGGCCGC TTAACTTTGGACGGATTGTCG,
SR-2.8,5’-(7)-Cdr2 BamHI,CG GGATCC TATGATTCGTTGAATGTTCCCAAAC,
SR-2.9,3’-(9)-Cdr2 NotI,AAGGAAAAAA GCGGCCGC TTATTGAAAATAAGAGAGTTCCAAATTATC,
SR-2.10,5’ Δ (281-590) Cdr2,CAATCATATCAGCCCCTATACAATATGATTCGTTGAATGTTCCCAAAC,
SR-2.11,3’- Δ (281-590) Cdr2,TTGTATAGGGGCTGATATGATT,
SR-2.12,3’ bud6.chk,attggacaacatcgaagcttcc,
SR-2.13,5’-(7)-XmaI Cdr2,TCCCCCCGGG TATGATTCGTTGAATGTTCCCAAAC,
SR-2.14,3’-(6)-XmaI Cdr2,TCCCCCCGGG AGAGGCTGGTGATTGAGAGAG,
SR-2.15,5’-(hlx)-XmaI Mid1,TCCCCCCGGG GGAGTATCTGCTACAAAAGACG,
SR-2.16,3’-(hlx)-XmaI Mid1,TCCCCCCGGG TGACTTCTTAGCCTTTGAATTCTC,
SR-2.17,5’-(7)-XhoI Cdr2,CATCCGCTCGAG ATGTATGATTCGTTGAATGTTCCCAAAC,
SR-2.18,5’-(8)-XhoI Cdr2,CATCCGCTCGAG ATGTATGCCAGCTTGGTTGCTTCAG,
SR-2.19,5’-(9)-XhoI Cdr2,CATCCGCTCGAG ATGCTTAAACCGGTTCGGTTTAGAATATC,
SR-2.20,3’-(7)-NotI Cdr2,AAGGAAAAAAGCGGCCGCC GACGCATTTACAAGAAGGCTCAC,
SR-2.21,3’-(8)-NotI Cdr2,AAGGAAAAAAGCGGCCGCC ATTAAGTGAATTTTGTCGTTTAATACG,
SR-2.22,3’-(9)-NotI Cdr2,AAGGAAAAAAGCGGCCGCCTTGAAAATAAGAGAGTTCCAAATTATC,
SR-2.23,5’-(7)-BamHI Cdr2,CGGGATCC ATGTATGATTCGTTGAATGTTCCCAAAC,
SR-2.24,3’-(7)-PacI Cdr2,CCTTAATTAA GACGCATTTACAAGAAGGCTCAC,
SR-2.25,5’-(8)-BamHI Cdr2,CGGGATCC ATGTATGCCAGCTTGGTTGCTTCAG,
SR-2.26,3’-(8)-PacI Cdr2,CCTTAATTAA ATTAAGTGAATTTTGTCGTTTAATACG,
SR-2.27,5’-(9)-BamHI Cdr2,CGGGATCC ATGCTTAAACCGGTTCGGTTTAGAATATC,
SR-2.28,3’-(9)-PacI Cdr2,CCTTAATTAA TTGAAAATAAGAGAGTTCCAAATTATC,
SR-2.29,5’-GFP-PacI,CCTTAATTAAC AGTAAAGGAGAAGAACTTTTCAC,
SR-2.30,5’-(6)-BamHI Cdr2,CGGGATCC ATGAGTGCTTTTAATCCAAGAGTTACTC,
SR-2.31,5’-(5)-BamHI Cdr2,CGGGATCC ATGAATGATTTTCGTATGAATGAGAATG,
SR-2.32,5’-(8)-XmaI Cdr2,TCCCCCCGGG TATGCCAGCTTGGTTGCTTCAG,
SR-2.33,3’-(7)-XmaI Cdr2,TCCCCCCGGG GACGCATTTACAAGAAGGCTCAC,
SR-2.34,5-GFP NotI,AAGGAAAAAAGCGGCCGCTTGAGTAAAGGAGAAGAACTTTTCAC,
SR-2.35,3-GFP CAAX SalI,ACGCGTCGACTTACATCAAAATACAACAAAACTTCTC,
SR-2.36,5-Cdr2(1857)-Kcc4(2749) KA-1 Exchange,GAAAAAGCTTTCCGGCTCACCTAAAAAGCCACCTAACAGCGTAC,
SR-2.37,3-Cdr2(1857)-Kcc4(2749) KA-1 Exchange,AGGTGAGCCGGAAAGCTTTTTC,
SR-2.38,5-(7)-SalI Cdr2,ACGCGTCGACTTATGATTCGTTGAATGTTCCCAAAC,
SR-2.39,3-(9)-BamHI Cdr2,CGGGATCCTTATTGAAAATAAGAGAGTTCCAAATTATC,
SR-2.40,3-Kcc4 NotI,AAGGAAAAAAGCGGCCGCCTTTGTCCAAAACACCTTCTTTTTG,
SR-2.41,5-Kcc4 XhoI,CATCCGCTCGAGATGACTGTGGCGAATACCGAG,
SR-2.42,3-Cdr2D8D9,AGGAAAAAAGCGGCCGCTTTTAATTAAGACGCATTTACAAGAAGGCTCAC,
SR-2.43,5-Cdr2 R624QR628Q,CCTTTTCAACCAAAACAATCATTTTTACAGAGATTATTTAGTAGTGAGC,
SR-2.44,3-Cdr2 R624QR628Q,GCTCACTACTAAATAATCTCTGTAAAAATGATTGTTTTGGTTGAAAAGG,
SR-2.45,5-Cdr2 F704DF705D,CGGTACTGGCTGAGGATGATGGTTCACAAGCTGTC,
SR-2.46,3- Cdr2 F704DF705D,GACAGCTTGTGAACCATCATCCTCAGCCAGTACCG,
SR-2.47,3-Kcc4 534,TGTCTGTAAAGCTGCCATACC,
SR-2.48,5-Kcc4 600,TCTGCCCTATGAAGGATTTGC,
SR-2.49,5-Kcc4 1213,CAATCTACGCCACGCAGACG,
SR-2.50,5-Kcc4 1808,AAGATATAGACACCTTACTAACG,
SR-2.51,5-Kcc4 2510,CGTCTTTGAGTTCTTTCCAAGG,
SR-2.52,5-Cdr2 R682QK684N,GCTTCGATATCTGCTCAAATTAATCGACAGAATTCACTTAATCTTAAACC,
SR-2.53,3-Cdr2 R682QK684N,GGTTTAAGATTAAGTGAATTCTGTCGATTAATTTGAGCAGATATCGAAGC,
SR-2.54,5-Cdr2 R695Q,CACTTAATCTTAAACCGGTTCAGTTTAGGATATCGGTACTGGC,
SR-2.55,3-Cdr2 R695Q,GCCAGTACCGATATCCTAAACTGAACCGGTTTAAGATTAAGTG,
SR-2.56,5-Cdr2 R685Q,CTGCTCGTATTAAACAACAGAATTCACTTAATCTTAAACC,
SR-2.57,3-Cdr2 R685Q,GGTTTAAGATTAAGTGAATTCTGTTGTTTAATACGAGCAG,
SR-2.58,5-Cdr2K692N,CAGAATTCACTTAATCTTAATCCGGTTCGGTTTAGAATATCG,
SR-2.59,3-Cdr2K692N,CGATATTCTAAACCGAACCGGATTAAGATTAAGTGAATTCTG,
SR-2.60,5-Cdr2C637AC639A,GTAGTGAGCCTTCTGCCAAGGCCGTCTATGCCAGCTTGG,
SR-2.61,3-Cdr2C637AC639A,CCAAGCTGGCATAGACGGCCTTGGCAGAAGGCTCACTAC,
SR-2.62,3-Kcc4 PacI,GCGCttaattaaCCCGGGAATGCGTTTGTCCAAAACACCTTCTTTTTG,
SR-2.63,3-Cdr2 PacI (Mercè),GCGCttaattaaCCCGGGAATGCGACTTTGGACGGATTGTCGTTGACG,
SR-2.64,5-(7-bsc)-Cdr2 PacI,GCGCttaattaaCTTTCAACCAAAACGATCATTTTTAAGG,
SR-2.65,3-GFP AscI (contains STOP),TTGGCGCGCCCTATTTGTATAGTTCATCCATGCC,
SR-2.66,3-kanMX6 (130),TATACATGGGGATGTATGGGC,"Anneals in P-Tef, no in kanR itself"
SR-2.67,5-hphMX6 (100),GCGCAGAAAGTAATATCATGCG,"Anneals in P-Tef, no in kanR itself"
SR-2.68,5-prom tts1,ggatcttccattggtaagcg,
SR-2.69,5-prom rtn1,actagctattttctttagtcggc,
SR-2.70,5-prom yop1,gacggtacgaagcgaatgcc,
SR-2.71,5 prom cho1,agaaccacacccacctccc,
SR-2.72,5 Cdr2RKR+ R685Q,CTGCTCAAATTAATCAACAAAATTCACTTAATCTTAAACC,
SR-2.73,3 Cdr2RKR+ R685Q,GGTTTAAGATTAAGTGAATTTTGTTGATTAATTTGAGCAG,
SR-2.74,5 Cdr2RKRR + K692N,CAAAATTCACTTAATCTTAATCCGGTTCAGTTTAGAATATCG,
SR-2.75,3 Cdr2RKRR + K692N,CGATATTCTAAACTGAACCGGATTAAGATTAAGTGAATTTTG,
SR-2.76,5 Cdr2 D(591-620),ATCTCTCTCAATCACCAGCCTCTTTTCAACCAAAACGATCATTTTTAAG,
SR-2.77,5-NatMX6 (+568) Kathleen,GACGACGAATCGGACGACG,
SR-2.78,5-tts1DEL (ura),ACAACATACTTTTTGCTGGATATTAACTTAACAAAAGCCACATCTTTAAAACTTTGAAAATAACAACTTTGCTATACGCCAGGGTTTTCCCAGTCACGAC,
SR-2.79,3-tts1DEL (ura),CTTAGACATATTAAAATCACACTGATTGGTGAAATTTATATAAATCTCTAGCAATCAAAAGGAATAAGGCATCACTAGCGGATAACAATTTCACACAGGA,
SR-2.80,5-pps1DEL,GGTGCCTTATTTTTGTTAGTTATTCGACTTCCGGTAAATAAACAGGTACAATTAGAACCAGAAACTGCCAATTTTGGAAGCGGATCCCCGGGTTAATTAA,
SR-2.81,3-pps1DEL,aagtgaaaaaaactgtgtatacccagatcgctgtactgtaaagtttcatttggattctattgaataaaagcatcagttgagaattcgagctcgtttaaac,
SR-3.1,5-pps1 916,CACCCTCTCCTTAGTAACCG,
SR-3.2,3- term pps1,ggaaggaatgaacaatgatgagtgc,
SR-3.3,5-ura4 (+1367),TCGATGCCTTGTTTGCGTTTG,
SR-3.4,5-KillerRed NotI,AAGGAAAAAAGCGGCCGC GGTTCAGAGGGCGGCCCC,
SR-3.5,3-KillerRed SacI,AAAGGGAGCTC AATCCTCGTCGCTACCGATGG,
SR-3.6,5-promPom1 KpnI,ggggtacc tccagctaaactgaggaccac,
SR-3.7,3-promPom1 XhoI,catccgctcgag ttgcaaactttgcttcaaaaagcc,
SR-3.8,5-(4)-Cdr2 BamHI,CGGGATCC ATGGTTACCCCAGGACTTGCATATCC,
SR-3.9,5- Cdr2 BamHI (Mercè),GCGCGGATCCATGAGTACAATTTCAGAAGTTGGACC,
SR-3.10,5-Cdr2(1747)-Kcc4(2749),GATCTCTCTCAATCACCAGCCTCT AAAAAGCCACCTAACAGCGTAC,
SR-3.11,5-promKcc4 SalI,acgcgtcgac agtgaaagagataaccactgcc,
SR-3.12,3-promKcc4 BamHI,gcgcggatcc actgcagtagttctggtaatttac,
SR-3.13,3-KillerRed SalI,ACGCGTCGACAATCCTCGTCGCTACCGATGG,
SR-3.14,5-Klp8 XhoI,CATCCGCTCGAGATGTCTACAGCTAATGTTCGC,
SR-3.15,3-Klp8 NotI (no STOP),AAAAGCGGCCGCCATCTAACAAGGAATCATGCC,
SR-3.16,5-nmt1 prom (-100),AAAGGAAGAGGAATCCTGGC,
SR-3.17,3-term blt1 (145),ggacttcatgtgatgagctgc,
SR-3.18,5-prom blt1 (-98),acaacttggattgctacatatgg,
SR-3.19,5-blt1 (1194),ATCTTCCAGTAAACTACCAGTCC,
SR-3.20,3-Kcc4-Cdr2,GGAAGCAGCGATTTTCTCAC,
SR-3.21,5-Kcc4-Cdr2,GTGAGAAAATCGCTGCTTCCTATGATTCGTTGAATGTTCCC,
SR-3.22,3-Kcc4-Cdr2-Kcc4,TTGAAAAGGTGAGCCGGAAAG,
SR-3.23,5-Kcc4-Cdr2-Kcc4,CTTTCCGGCTCACCTTTTCAACCTAACAGCGTACTCTTGAAAAAATTC,
SR-3.24,5-KA-1 Kcc4 NotI,AAGGAAAAAAGCGGCCGCCCTGTCAGACGATGACTTGAAGG,
SR-3.25,3-KA-1 Kcc4 SalI,ACGCGTCGACTTATTTGTCCAAAACACCTTCTTTTTG,
SR-3.26,5-KA-1 Cdr2 NotI,AAGGAAAAAAGCGGCCGCCTATGATTCGTTGAATGTTCCC,
SR-3.27,5-GFP XhoI,CATCCGCTCGAGATGAGTAAAGGAGAAGAACTTTTCAC,
SR-3.28,3-GFP NotI,AAGGAAAAAAGCGGCCGCTTTGTATAGTTCATCCATGCCATG,
SR-3.29,3-(9) SalI,ACGCGTCGACTTATTGAAAATAAGAGAGTTCCAAATTATC,
SR-3.30,3-Cdr2 DeltaKA1 PacI,GCGCTTAATTAACCCGGGAATGCGAGAGGCTGGTGATTGAGAGAGATC,
SR-3.31,5-(1)-Cdr2 BamHI,CGGGATCCATGCCCATTGATCCATTAATAGTGC,
SR-3.32,5-(2)-Cdr2 BamHI,CGGGATCCATGAGCGCTGCAGTTGATCGCAACC,
SR-3.33,5-(3)-Cdr2 BamHI,CGGGATCCATGGTTCCTCGACCTGCTACTTCTG,
SR-3.34,5-Pnmt1-BamHI,CGCGGATCCGAGGATCAGAAAATTATCGCC,
SR-3.35,3-Pnmt1-BamHI,CGCGGATCCTTTAACAAAGCGACTATAAGTC,
SR-3.36,3-GFP SalI (contains STOP),ACGCGTCGACCTATTTGTATAGTTCATCCATGCC,
SR-3.37,5-BamHI Cdr1,CGCGGATCCATGGTGAAGCGACACAAAAATAC,
SR-3.38,3-Cdr1-Cdr2 ChimA,CTGCACTATTAATGGATCAATGGG GTCAATTGACAGTGAAGGGG,
SR-3.39,5-Cdr1-Cdr2 ChimA,CCCCTTCACTGTCAATTGAC CCCATTGATCCATTAATAGTGCAG,
SR-3.40,3-Cdr1-Cdr2 ChimB,GGTTGCGATCAACTGCAGCGCT GTCAATTGACAGTGAAGGGG,
SR-3.41,5-Cdr1-Cdr2 ChimB,CCCCTTCACTGTCAATTGAC AGCGCTGCAGTTGATCGCAACC,
SR-3.42,3-Cdr1-Cdr2 ChimC,GTTTGGGAACATTCAACGAATCATA TGGAACTGGAGATGAACATAAAGG,
SR-3.43,5-Cdr1-Cdr2 ChimC,CCTTTATGTTCATCTCCAGTTCCA TATGATTCGTTGAATGTTCCCAAAC,
SR-3.44,5-prom pps1 (-532),atggcccttaatgtgatcgtg,
SR-3.45,3- prom pps1-pFA6a,TTAATTAACCCGGGGATCCGcttccaaaattggcagtttctgg,
SR-3.46,5- term pps1-pFA6a,GTTTAAACGAGCTCGAATTCtcaactgatgcttttattcaatagaatcc,
SR-3.47,3-term pps1 (+496),tcaccatcattttgggaaagtttc,
SR-3.48,5- prompps1 (-600),gtgggttcgattcccacaac,
SR-3.49,3- termpps1.chk (+585),gtcttcattagtttttgacgaggag,
SR-3.50,5-GST-1,GATAAGTACTTGAAATCCAGCAAG,
SR-3.51,5-Ppom1 (-528),gcaaaaaggaagcctttactgcc,
SR-3.52,3-Tpom1 (+551),gactaatggtccaaaggagcaacc,
SR-3.53,5-Ppom1 (-742),gcgtccagttaatctgattggg,
SR-3.54,3-Pom1promEXC,GTTTAAACGAGCTCGAATTCTTGCAAACTTTGCTTCAAAAAGCC,
SR-3.55,5-Pom1promEXC,TATAGTCGCTTTGTTAAATCATGATGGGCTATTTGCAGTCCC,
SR-3.56,3-Pom1 (+571),CAATCACTAGGCTTTGATGAACG,
SR-3.57,5-Cdr2 L662A L663A,CTTAGAAGATGGCAGGCTGCTGGTATCGGCATTGC,
SR-3.58,3-Cdr2 L662A L663A,GCAATGCCGATACCAGCAGCCTGCCATCTTCTAAG,
SR-3.59,5-Cdr2 L662D L663D,CTTAGAAGATGGCAGGATGATGGTATCGGCATTGC,
SR-3.60,3-Cdr2 L662D L663D,GCAATGCCGATACCATCATCCTGCCATCTTCTAAG,
SR-3.61,5-tdTomato-XhoI,CATCCGCTCGAGatggtgagcaagggcgag,
SR-3.62,3-tdTomato-CaaX-NotI,AAAAGCGGCCGCTTACATCAAAATACAACAAAACTTCTCTAATTTGGAACCTTTCTTTTTAGGAGGTTTcttgtacagctcgtccatgcc,
SR-3.63,5-Tnmt1-NotI,AAAAGCGGCCGCaaggaatgtctcccttgccag,
SR-3.64,3-Tnmt1-SacI,TTTGAGCTCcacttctaattacacaaattccg,
SR-3.65,3-Tadh1-SacI,TTTGAGCTCATATTACCCTGTTATCCCTAGCGG,
SR-3.66,5-GST-SalI,AAAGTCGACATGTCCCCTATACTAGGTTATTGG,
SR-3.67,3-(9)-Cdr2-SacI,TTTGAGCTCTTATTGAAAATAAGAGAGTTCCAAATTATC,
SR-3.68,5-Cdr2 L689D L691D,GCTCGTATTAAACGACAAAATTCAGATAATGATAAACCGGTTCGGTTTAGAATATCG,
SR-3.69,3-Cdr2 L689D L691D,CGATATTCTAAACCGAACCGGTTTATCATTATCTGAATTTTGTCGTTTAATACGAGC,
SR-3.70,3-1977-Cdr2,TCTCCTTAAAAATGATCGTTTTGG,
SR-3.71,5-GST-SalI,AAAGTCGACCCATGTCCCCTATACTAGGTTATTGG,
SR-3.72,5-antiGFP transfer,ACGCGTCGACGGATCCCCGGGTTAATTAACATGGCCGATGTTCAATTAGTAGAAAG,
SR-3.73,5-pom1(1800) BglII,GAAGATCTATGAAGGCCATTAATAGCAAACG,
SR-3.74,3-Tnmt1 BglII,gaagatctgcattactaatagaaaggattatttc,
SR-3.75,UL,GTT GTA AAA CGA CGG CCA GTG,
SR-3.76,RL,CAG GAA ACA GCT ATG ACC ATG,
SR-3.77,5-Pnmt1-Orb6,ttttgttaattaattcgttgaccttgtagttgattctaattagtgtaaaaattccatttattgcaacatttctttcaatGAATTCGAGCTCGTTTAAAC,
SR-3.78,3-Pnmt1-HA-Orb6,TCTTTTGGACTTTGTCTAAAGTTGATTTCGGAAATAATGAAGGGTTCCGTTCAAAGTGTAAGTAATCATTCTTATCCATGCACTGAGCAGCGTAATCTG,
SR-3.79,5-Orb6-XhoI,catccgctcgagatggataagaatgattacttacac,
SR-3.80,3-Orb6-NotI,aaggaaaaaagcggccgcccaatgctcctttcatcg,
SR-3.81,5-Orb6 +698,tgttcaaacgtgaccagctgg,
SR-4.1,3-Orb6 +721,gtcgcgttctgctttgacatg,
SR-4.2,5-Orb6-NdeI,GGAATTCCATatggataagaatgattacttacac,
SR-4.3,3-Orb6-NotI STOP,aaggaaaaaagcggccgcttacaatgctcctttcatcg,
SR-4.4,5-Cdr2 T317A,CTCAATCACCCTTGGTTGAAAAAGCTCTATATACTCTACTGAGCAGACAC,
SR-4.5,3-Cdr2 T317A,GTGTCTGCTCAGTAGAGTATATAGAGCTTTTTCAACCAAGGGTGATTGAG,
SR-4.6,5-Cdr2 T317E,CTCAATCACCCTTGGTTGAAAAAGAGCTATATACTCTACTGAGCAGACAC,
SR-4.7,3-Cdr2 T317E,GTGTCTGCTCAGTAGAGTATATAGCTCTTTTTCAACCAAGGGTGATTGAG,
SR-4.8,5-Cdr2 S452D,GCTGTCATCAAATTACCGACCTCCTGATGCATTATCTCCTCGCAAC,
SR-4.9,3-Cdr2 S452D,GTTGCGAGGAGATAATGCATCAGGAGGTCGGTAATTTGATGACAGC,
SR-4.10,5-Cdr2 S452A,GCTGTCATCAAATTACCGACCTCCTGCTGCATTATCTCCTCGCAAC,
SR-4.11,3-Cdr2 S452A,GTTGCGAGGAGATAATGCAGCAGGAGGTCGGTAATTTGATGACAGC,
SR-4.12,5-Cdr2 S476D,CTAAGTCGTCGCGCTACTGACCTGGATATGTCAAATGATTTTCG,
SR-4.13,3-Cdr2 S476D,CGAAAATCATTTGACATATCCAGGTCAGTAGCGCGACGACTTAG,
SR-4.14,5-Cdr2 S476A,CTAAGTCGTCGCGCTACTGCACTGGATATGTCAAATGATTTTCG,
SR-4.15,3-Cdr2 S476A,CGAAAATCATTTGACATATCCAGTGCAGTAGCGCGACGACTTAG,
SR-4.16,5-Cdr2 S761D,CCTGTTTCTCGAATGAGTGTAAGTGATAGTCCTTTTGCTGTATTTCGTC,
SR-4.17,3-Cdr2 S761D,GACGAAATACAGCAAAAGGACTATCACTTACACTCATTCGAGAAACAGG,
SR-4.18,5-Cdr2 S455A,CCGACCTCCTTCTGCATTAGCTCCTCGCAACTTTAACGTTTC,
SR-4.19,3-Cdr2 S455A,GAAACGTTAAAGTTGCGAGGAGCTAATGCAGAAGGAGGTCGG,
SR-4.20,5-Cdr2 S514A,CCTCCAAGAAAGCGTGTCACTGCTAGAATGTCCGAACACACTG,
SR-4.21,3-Cdr2 S514A,CAGTGTGTTCGGACATTCTAGCAGTGACACGCTTTCTTGGAGG,
SR-4.22,5-Cdr2 S526A,CACACTGGTAATCGAGTCGTAGCCTTCCCGCGCGGCAGTGC,
SR-4.23,3-Cdr2 S526A,GCACTGCCGCGCGGGAAGGCTACGACTCGATTACCAGTGTG,
SR-4.24,5-Cdr2 S616R,CTTCTACAAAGAAAAAGCTTCGCGGCTCACCTTTTCAACC,
SR-4.25,3-Cdr2 S616R,GGTTGAAAAGGTGAGCCGCGAAGCTTTTTCTTTGTAGAAG,
SR-4.26,5-Cdr2 S616R S618R,CAAAGAAAAAGCTTCGCGGCCGACCTTTTCAACCAAAACGATC,
SR-4.27,3-Cdr2 S616R S618R,GATCGTTTTGGTTGAAAAGGTCGGCCGCGAAGCTTTTTCTTTG,
SR-4.28,5-Cdr2S604R S607R,CCCAAACATAGAAGAAGACAACGCTTATTCCGTCCTTCTTCTACAAAGAAAAAGC,
SR-4.29,3-Cdr2S604R S607R,GCTTTTTCTTTGTAGAAGAAGGACGGAATAAGCGTTGTCTTCTTCTATGTTTGGG,
SR-4.30,5-Cdr2 S618D,CAAAGAAAAAGCTTTCCGGCGATCCTTTTCAACCAAAACGATC,
SR-4.31,3-Cdr2 S618D,GATCGTTTTGGTTGAAAAGGATCGCCGGAAAGCTTTTTCTTTG,
SR-4.32,5- Cdr2 justS618R,CAAAGAAAAAGCTTTCCGGCCGACCTTTTCAACCAAAACGATC,
SR-4.33,3- Cdr2 justS618R,GATCGTTTTGGTTGAAAAGGTCGGCCGGAAAGCTTTTTCTTTG,
SR-4.34,3-Cdr2 exactΔKA1 PacI,GCGCTTAATTAACCCGGGAATGCGAGGTGAGCCGGAAAGCTTTTTC,
SR-4.35,5-Cdr2 S616D S618D,CTTCTACAAAGAAAAAGCTTGACGGCGATCCTTTTCAACCAAAACGATC,
SR-4.36,3-Cdr2 S616D S618D,GATCGTTTTGGTTGAAAAGGATCGCCGTCAAGCTTTTTCTTTGTAGAAG,
SR-4.37,5-Cdr2 S632E,CGATCATTTTTAAGGAGATTATTTGAAAGTGAGCCTTCTTGTAAATGC,
SR-4.38,3-Cdr2 S632E,GCATTTACAAGAAGGCTCACTTTCAAATAATCTCCTTAAAAATGATCG,
SR-4.39,5-Cdr2 S632A,CGATCATTTTTAAGGAGATTATTTGCTAGTGAGCCTTCTTGTAAATGC,
SR-4.40,3-Cdr2 S632A,GCATTTACAAGAAGGCTCACTAGCAAATAATCTCCTTAAAAATGATCG,
SR-4.41,5-Cdr2 S476E,CTAAGTCGTCGCGCTACTGAACTGGATATGTCAAATGATTTTCG,
SR-4.42,3-Cdr2 S476E,CGAAAATCATTTGACATATCCAGTTCAGTAGCGCGACGACTTAG,
SR-4.43,5-Cdr2 S604R,CCCAAACATAGAAGAAGACAACGCTTATTCTCTCCTTCTTCTACAAAG,
SR-4.44,3-Cdr2 S604R,CTTTGTAGAAGAAGGAGAGAATAAGCGTTGTCTTCTTCTATGTTTGGG,
SR-4.45,5-Mid1-1035,CTTTCCCTTCCCACCAACGG,
SR-4.46,5-Mid1-1238,TCTAACTTCTGCTTCCGTGGG,
SR-4.47,3-Mid1-1747,GTGGCAAGGGCGCCTTTGG,
SR-4.48,5-Cdr2 S604D,CCCAAACATAGAAGAAGACAAGACTTATTCTCTCCTTCTTCTACAAAG,
SR-4.49,3-Cdr2 S604D,CTTTGTAGAAGAAGGAGAGAATAAGTCTTGTCTTCTTCTATGTTTGGG,
SR-4.50,5-Cdr2 S593R,CAATCACCAGCCTCTTATGATAGGTTGAATGTTCCCAAACATAGAAG,
SR-4.51,3-Cdr2 S593R,CTTCTATGTTTGGGAACATTCAACCTATCATAAGAGGCTGGTGATTG,
SR-4.52,5-Cdr2 S755A,CTTCGGCATCCAGACCTGTTGCTCGAATGAGTGTAAGTAGTAGTC,
SR-4.53,3-Cdr2 S755A,GACTACTACTTACACTCATTCGAGCAACAGGTCTGGATGCCGAAG,
SR-4.54,5-Cdr2 S755A S758A,CTTCGGCATCCAGACCTGTTGCTCGAATGGCTGTAAGTAGTAGTCCTTTTGCTG,
SR-4.55,3-Cdr2 S755A S758A,CAGCAAAAGGACTACTACTTACAGCCATTCGAGCAACAGGTCTGGATGCCGAAG,
SR-4.56,3-(9)-SalI,ACGCGTCGACTTA TTGAAAATAAGAGAGTTCCAAATTATC,
SR-4.57,3-Kcc4-AscI,TTGGCGCGCC TTATTTGTCCAAAACACCTTCTTTTTG,
SR-4.58,5-Cdr2 S616A,CTTCTACAAAGAAAAAGCTTGCCGGCTCACCTTTTCAACC,
SR-4.59,3-Cdr2 S616A,GGTTGAAAAGGTGAGCCGGCAAGCTTTTTCTTTGTAGAAG,
SR-4.60,5-(7-bsc) Cdr2 NdeI,GGAATTCCATATG TTTCAACCAAAACGATCATTTTTAAGG,
SR-4.61,5-(7-bsc) Cdr2 XhoI,CATCCGCTCGAG ATGTTTCAACCAAAACGATCATTTTTAAGG,
SR-4.62,5-(7-bsc) Cdr2 BamHI,CGGGATCC TTTCAACCAAAACGATCATTTTTAAGG,
SR-4.63,5-(KA-1 Kcc4) BamHI,CGGGATCC CTGTCAGACGATGACTTGAAGG,
SR-4.64,3-Kcc4 NotI (STOP),AAGGAAAAAAGCGGCCGC TTATTTGTCCAAAACACCTTCTTTTTG,
SR-4.65,5-(KA-1 Kcc4) NdeI,GGAATTCCATATG CTGTCAGACGATGACTTGAAGG,
SR-4.66,5-(KA-1 Kcc4) XhoI,CATCCGCTCGAG CTGTCAGACGATGACTTGAAGG,
SR-4.67,5-(KA-1 Kcc4) XhoI ATG,CATCCGCTCGAG ATGCTGTCAGACGATGACTTGAAGG,
SR-4.68,3-cdr2 (1200).chk,gttcgtcctttattcttgatgcg,
SR-4.69,3-NatR,CGTCGTCCGATTCGTCGTC,
SR-4.70,5-P-Blt1 SalI,ACGCGTCGACtacgcattgggcacgcg,
SR-4.71,3-P-Blt1 BamHI,CGCGGATCCgctctgcctcttagacacc,
SR-4.72,5-Blt1 BamHI,CGCGGATCCATGAGCAAATCTGCTTTCACAAG,
SR-4.73,3-Blt1noSTOP PacI,GCGCttaattaaCCCGGGAATGCGCATTTTAGAACTGAAGCTTCTTG,
SR-4.74,3-Blt1(STOP) AscI,TTGGCGCGCCTTACATTTTAGAACTGAAGCTTCTTG,
SR-4.75,5-T-Blt1 SacI,CGAGCTCttatacgctcttttataggtcaatcg,
SR-4.76,3-T-Blt1 SpeI,CTAGACTAGTgagtgataattcgcgatacc,
SR-4.77,5-Blt1 XhoI,CATCCGCTCGAGATGAGCAAATCTGCTTTCACAAG,
SR-4.78,3-Blt1(STOP) NotI,AAGGAAAAAAGCGGCCGCTTACATTTTAGAACTGAAGCTTCTTG,
SR-4.79,5-pLac1(-117),TACCAGCAATATGCTCCTGAGG,
SR-4.80,5’ leu1 XhoI mut,CGACCTGAGTTAAAACTGGAGTTTGAAGAACAC,
SR-4.81,3’ leu1 XhoI mut,GTGTTCTTCAAACTCCAGTTTTAACTCAGGTCG,
SR-5.1,5’pma1TAG,aatctagaaaccagcgttctattgaggaccttgttgtcgctttgcaacgtacttctactcgccatgagaagggtgatgctcggatccccgggttaattaa,
SR-5.2,3’pma1TAG,caaattggtaccacaaaataaaaatatttttactaaatgtatatataagatatatatgtatatacactatttaatgaaacgaattcgagctcgtttaaac,
SR-5.3,5’cdc15TAG,atggatggtgggatggtgaaattattaatgttccaaattcaaaacgtggtttattcccgtcgaactttgttcagacggtagctgcagctgcagctgcagctgcacggatccccgggttaattaa,
SR-5.4,3’cdc15TAG,acattgttaataaaataaaataaaatatattccaatcaactagattctatgtgtatttcctttaaaacagaaatctttaggaattcgagctcgtttaaac,
SR-5.5,5-yop1 589,AGCTGTGTATTGGTTACTCAAGG,
SR-5.6,3-yop1 term,gtactgtggtaaagcatgcagc,
SR-5.7,5-tts1 855,CGTTAGCCTTCGAATGGATCG,
SR-5.8,3-tts1 term,actgaaatagaggagtagtgagc,
SR-5.9,5-rtn1 604,GACTCCAAGGCTCTTGATAGG,
SR-5.10,3-rtn1 term,tgagagattgagccgaacctg,
SR-5.11,5-rtn1DEL,TTTTTTTAAGGCTTCTTTTGATTCTTAGTAACTGTTTTACCTTAAGTTGTTATTTTAAAATTGAATATAACACGCAAATCCGGATCCCCGGGTTAATTAA,
SR-5.12,3-rtn1DEL,AGATGAGAAAGACGTATTTATGAAAATAAACACTCATAGTCATAAGCAAAATAATTGAGAAAACGCATTCAATCTCCTAAGAATTCGAGCTCGTTTAAAC,
SR-5.13,5-pma1 (2462),CATCTTGGCAATTGTCTGGTGC,
SR-5.14,3-pma1 term,gattgagtaaaccagccattcg,
SR-5.15,5-cho1 (509),GTTTCCTTTCTACAGCTCTGCG,
SR-5.16,3-cho1 term,actagtcatgaacagaacattcc,
SR-5.17,5-yop1DEL,actcccatattctaagacaaatagttcgttcaaaagaaaaattattgaacactcagataatttaattaagcagtaccaaaCGGATCCCCGGGTTAATTAA,
SR-5.18,3-yop1DEL,acattgccgaggtccatgccgaaagcggcatataaaaggccaaatttttttaaatttttgacagtcaataaaaataatcaGAATTCGAGCTCGTTTAAAC,
SR-5.19,5-PLK4 NdeI,GGAATTCCATATGGCGGCGTGCATCGGGGAG,
SR-5.20,3-PLK4 BamHI,CGGGATCCTTACTGAAAATTAGGAGTTGGATTAG,
SR-5.21,5’myc PacI,CCTTAATTAACGGTGAACAAAAGCTAATCTCCGAG,
SR-5.22,3’myc AscI (contains STOP),TTGGCGCGCCCTAGTGATTGATTAATTTTTGTTCACC,
SR-5.23,3-vps53-TAGfusion,TTAATTAACCCGGGGATCCGAACGTGCTTTTTCTTTGAAGTAAAC,
SR-5.24,5-vps53-1769,ATCTTGCAAAGCCTATTTCCG,
SR-5.25,5-vps53-TAGfusion,GTTTAAACGAGCTCGAATTCATTTGCATCCATTAAGTTTCCC,
SR-5.26,3-vps53-term+500,GGTCTAGTGGTATGATACCATC,
SR-5.27,5-vps53-1640,GGTGCTGTTCAAAATATGACTG,
SR-5.28,Klp8-1 (FWD),gattatcctcaaactaccttcg,
SR-5.29,5-P-Klp9 (-507),tcgtcggcgcgcatttcgg,
SR-5.30,3-P-Klp9DEL,TTAATTAACCCGGGGATCCGtggtcaatttcagagtttaaaggg,
SR-5.31,5-T-Klp9DEL,GTTTAAACGAGCTCGAATTCatccgtcgtgcatagtgcttatg,
SR-5.32,3-T-Klp9 (+502),ttcttatgctgccgcacctgc,
SR-5.33,5-Klp9S.OFF,TATAGTCGCTTTGTTAAATCATGATGATACAGATTTTTCTGCGTGTC,
SR-5.34,5-Klp9S.OFF GST,AATCGGATCTGGTTCCGCGTATGATACAGATTTTTCTGCGTGTC,
SR-5.35,3-Klp9 (+498),ATTAGGTACCTTGATGTCCAACGG,
SR-5.36,5-P-Ase1 (-562),acttaaaaagtaagcctttgtatcc,
SR-5.37,3-P-Ase1DEL,TTAATTAACCCGGGGATCCGtgaaccggttgatgtaaatgagc,
SR-5.38,5-T-Ase1DEL,GTTTAAACGAGCTCGAATTCgcttcttatttacctaatcgatc,
SR-5.39,3-T-Ase1 (+518),agacgcgtctaaacgagccg,
SR-5.40,5-Ase1S.OFF,TATAGTCGCTTTGTTAAATCATGATGCAAACAGTAATGATGGATGAC,
SR-5.41,5-Ase1S.OFF GST,AATCGGATCTGGTTCCGCGTATGCAAACAGTAATGATGGATGAC,
SR-5.42,3-Ase1 (+476),ACGAACGGACTTCCTAAGCGG,
SR-5.43,5-P-Klp9 (-536),tggacatcacagactccatgg,
SR-5.44,3-Klp9 (+532),CGATTTTGGGAAAATGACTGGC,
SR-5.45,3-T-Klp9 (+542),ctaccaacaatttgtccgaacc,
SR-5.46,5-P-Ase1 (-604),tgggttgaatcccaattgcgg,
SR-5.47,3-Ase1 (+560),TCGGCTTCGTTGATGCGTCC,
SR-5.48,3-T-Ase1 (+574),cacaagatgaatgtgcattccc,
SR-5.49,5-BleMX6,ttcgtggccgaggagcagg,
SR-5.50,3-BleMX6,ggtgagcaccggaacggc,
SR-5.51,5-P-Ura4 BglII,GGAAGATCTAGCTACAAATCCCACTGGC,
SR-5.52,3-T-Ura4 EcoRI,CCGGAATTCGTGATATTGACGAAACTTTTTGAC,
SR-5.53,3-Ura4 (+34),ATGCATACATATAGCCAGTGGG,
SR-5.54,5-Ura4 (+1610),GTAATGATAACTATGTACAAAGCC,
SR-5.55,5-Ase1.DEL,AGTTTTCATATCTTCCTTTATATTCTATTAATTGAATTTCAAACATCGTTTTATTGAGCTCATTTACATCAACCGGTTCACGGATCCCCGGGTTAATTAA,
SR-5.56,3-Ase1.DEL,CTTTTATGAATTATCTATATGCTGTATTCATATGCAAAAATATGTATATTTAAATTTGATCGATTAGGTAAATAAGAAGCGAATTCGAGCTCGTTTAAAC,
SR-5.57,5-Pnmt1.Ase1,AGTTTTCATATCTTCCTTTATATTCTATTAATTGAATTTCAAACATCGTTTTATTGAGCTCATTTACATCAACCGGTTCAGAATTCGAGCTCGTTTAAAC,
SR-5.58,3-Pnmt1.Ase1noTAG,AAGTTAGATTCATTATTAGAGTGATTATCTTTTTCAGCAATAGAATCAGTGCTTTGAATGTCATCCATCATTACTGTTTGCATGATTTAACAAAGCGACTATA,
SR-5.59,5-Pnmt1.Klp9,AGCAACTGTCTTCCAACACTTCCATCATTCTTGTACACAAAGGATTGCTTTTAAGTCCCTTTAAACTCTGAAATTGACCAGAATTCGAGCTCGTTTAAAC,
SR-5.60,3-Pnmt1.Klp9noTAG,GGCTGTGCTTTTTTGACACGCAGAAAAATCTGAAATTGTCAGCAATTTTAAATAAAGGATTAGAAATTGCTTACCTGTATCATGATTTAACAAAGCGACTATA,
SR-5.61,3-S.OFF Klp9,GTTTAAACGAGCTCGAATTCtggtcaatttcagagtttaaaggg,
SR-5.62,3-S.OFF Ase1,GTTTAAACGAGCTCGAATTCtgaaccggttgatgtaaatgagc,
SR-5.63,5-S.OFF Klp9(I),TATAGTCGCTTTGTTAAATCATGATACAGGTAAGCAATTTCTAATC,
SR-5.64,5-S.OFF Klp9 GST (I),AATCGGATCTGGTTCCGCGTATACAGGTAAGCAATTTCTAATC,
SR-5.65,5-P-Cut7(-237),agtgttaccgtgtctgagtcc,
SR-5.66,3-Cut7(+531),ATCGGAATCGCTAAGATCACC,
SR-5.67,5-P-Pkl1(-444),gtacaacctaccgctacatgg,
SR-5.68,3-Pkl1(+590),TGTGATCTAAGGTTCAAGTATGC,
SR-5.69,5-Pkl1.DEL,ATCTGTTTTGTCGAGCTGATAAATTCGTGTTTATAGTATTGGGAAGAATTACTCTATAAAACGCTCTTTTTAACTTATAGCGGATCCCCGGGTTAATTAA,
SR-5.70,3-Pkl1.DEL,ATTCAAGCACAAGCAGCAGCTGCTCCACCAAACCCAGCATCTTAAATGCTTTGGTAAACATTTTTTACTCTAAAATAAGCGAATTCGAGCTCGTTTAAAC,
SR-5.71,5-Ase1.DELURA,AGTTTTCATATCTTCCTTTATATTCTATTAATTGAATTTCAAACATCGTTTTATTGAGCTCATTTACATCAACCGGTTCACGCCAGGGTTTTCCCAGTCACGAC,
SR-5.72,3-Ase.DELURA,CTTTTATGAATTATCTATATGCTGTATTCATATGCAAAAATATGTATATTTAAATTTGATCGATTAGGTAAATAAGAAGCAGCGGATAACAATTTCACACAGGA,
SR-5.73,5-Pkl1.DELURA,ATCTGTTTTGTCGAGCTGATAAATTCGTGTTTATAGTATTGGGAAGAATTACTCTATAAAACGCTCTTTTTAACTTATAGCGCCAGGGTTTTCCCAGTCACGAC,
SR-5.74,3-Pkl1.DELURA,ATTCAAGCACAAGCAGCAGCTGCTCCACCAAACCCAGCATCTTAAATGCTTTGGTAAACATTTTTTACTCTAAAATAAGCAGCGGATAACAATTTCACACAGGA,
SR-5.75,5-P-Cut7(-600),ctggtgtagtgccgttgtctc,
SR-5.76,3-T-Cut7(+312),tttgacgccatatctgtagc,
SR-5.77,5-Ase1 SalI,ACGCGTCGACATGCAAACAGTAATGATGGATGAC,
SR-5.78,3-Ase1 XmaI,TCCCCCCGGGTTAAAAGCCTTCTTCTCCCC,
SR-5.79,5-P-Mad2 (-218),atgatagagatagtgaaatgag,
SR-5.80,3-Mad2 (+364),ACCGCTCTAAATCTTCACC,
SR-5.81,5-Ase1 NdeI,GGAATTCCATATGCAAACAGTAATGATGGATGAC,
SR-6.1,3-Ase1 noSTOP BamHI,CGCGGATCCAAAGCCTTCTTCTCCCCATTC,
SR-6.2,5-Mcm4 (+2656),GCTTTGGAAAGGCGAGGACG,
SR-6.3,5-IAA17-PacI,CCTTAATTAACATGATGGGCAGTGTCGAGC,
SR-6.4,3-IAA17-AscI,TTGGCGCGCCTTATCGTCGAGCTCTGCTC,
SR-6.5,5-P-Klp6 (-312),ctttacgctaacacctgcc,
SR-6.6,3-Klp6 (+325),ATATCGAACATCCCGAAAGCG,
SR-6.7,5-Klp9 TAG.FWD,TAAAACCATTAAGCCCCTCTCGACGCCCTCCGTTGACTTCTTTGTATAGTGGGACAACTGATATCGATATTAATGAATTGCGGATCCCCGGGTTAATTAA,
SR-6.8,3-Klp9 TAG.RVS,ATTTCACGTAACGTTATAAATGGAATGTCATTAGAGATTGATAGTGCGTTTAGTTGTCATAAGCACTATGCACGACGGATGAATTCGAGCTCGTTTAAAC,
SR-6.9,5-Ase1 TAG.FWD,CTACCAACATTTTTTCTGCTCCACTCAACAATATTACAAATTGTACACCGATGGAGGATGAATGGGGAGAAGAAGGCTTTCGGATCCCCGGGTTAATTAA,
SR-6.10,3-Ase1 TAG.RVS,CTTTTATGAATTATCTATATGCTGTATTCATATGCAAAAATATGTATATTTAAATTTGATCGATTAGGTAAATAAGAAGCGAATTCGAGCTCGTTTAAAC,
SR-6.11,5-termiKlp9 SacI,CGAGCTCatccgtcgtgcatagtgcttatg,
SR-6.12,3-termiKlp9 SpeI,GGACTAGTttaggtggctacttcgtcgtcg,
SR-6.13,5-promoKlp9 BsiWI,ACGCCGTACGattggcatggcatggcatggc,
SR-6.14,3-promoKlp9 BamHI,CGCGGATCCtggtcaatttcagagtttaaaggg,
SR-6.15,5-Klp9 PacI+C,CCTTAATTAACATGATACAGgtaagcaatttctaatcc,
SR-6.16,3-Klp9 AscI,TTGGCGCGCCTTACAATTCATTAATATCGATATCAG,
SR-6.17,5-mCherry BamHI,CGCGGATCCATGGTGAGCAAGGGCGAGG,
SR-6.18,3-mCherry PacI,CCTTAATTAActtgtacagctcgtccatgc,
SR-6.19,5-P-Msd1(-450),tacctgggactctatttgccc,
SR-6.20,3-Msd1(+441),TCTCCATTTGTTGCTCATGCTGG,
SR-6.21,5-P-Sid4-KpnI,ggggtacctagtcggctgtaaagaatatacc,
SR-6.22,3-Sid4-NotI(noSTOP),AAGGAAAAAAGCGGCCGCCCAAACTACGTTTTTTAAGCTCCC,
SR-6.23,5-Klp9 +1607,GCTTGAAGAATCTGCCCAAGG,
SR-6.24,5-Klp9 PacI+C no intron,CCTTAATTAACATGATACAGATTTTTCTGCGTGTC,
SR-6.25,3-Sid4 (120),CTACCTTCGTCAAGGGAGTC,
SR-6.26,5-P-Sid4 (-81),agcatgtgacttacactcttgg,
SR-6.27,5-Sid4 (704),CCACCTTCTCAATCACACACC,
SR-6.28,5-Pnmt1.Csi1,CGATCTTGTAACTCCTATAATTATTGAAGTCAGTTTGCAAAGAATTTAGAATTTAAATCACCAAATAATTTGGGCATGAGGAATTCGAGCTCGTTTAAAC,
SR-6.29,3-Pnmt1.Csi1noTAG,TCCCATTCCAAATAATCGTTTTTTGTATCATTCCATAATTTCTTTAATTTTCCCAGCAGTCCAGCTGCAGGATTGAAACTCATGATTTAACAAAGCGACTATA,
SR-6.30,5-Pnmt1.Bqt1,TATGCACCTCTTCTTCTACAAACGACGCGTTTTAAAAAAAAATCCTTTCACCCATCCTAAATGATACTGATTTAAACAAAGAATTCGAGCTCGTTTAAAC,
SR-6.31,3-Pnmt1.Bqt1noTAG,GTTTGAGTATAAATCGCGATTTGGGTTAAATATTCTACTTTGTTTTGTTCAAAAGAAATAAGCGTCGTAGTTAATAAATGCATGATTTAACAAAGCGACTATA,
SR-6.32,5-P-Alp14 (-498),gaaagaacggagcaagctagg,
SR-6.33,3-Alp14 (+220),GTACCAGCTTCTTGAGCTGC,
SR-6.34,5-P-Csi1 (-268),gcaacataagtgatgattgttgg,
SR-6.35,3-Csi1 (+388),CAGGTGTTAAGTATGCCATGTC,
SR-6.36,5-P-Bqt1 (-253),agtcgtcaatagaggatgtcc,
SR-6.37,3-Bqt1 (+97),CAGTGCATACAGGTGTTTGAG,
SR-6.38,5-Pnmt1.Alp7,GGATTTTCTTGTGTATTTATATTTCATATATCTGTTAGTTCTTTATATCGTTTGACGATTTTAAAAAGTCATAACCGAAAGAATTCGAGCTCGTTTAAAC,
SR-6.39,3-Pnmt1.Alp7noTAG,TGATCAGTTTCATTTGTCCCAATACTAGATGAGGAGGGAGACCTCCTACTGTAATCTGTAGAGCTCGAAACGATATCACTCATGATTTAACAAAGCGACTATA,
SR-6.40,5-P-Alp7 (-390),gcttcggagaacaagctaccg,
SR-6.41,3-Alp7 (+261),TTGTAGTCGATCGCTTACTCG,
SR-6.42,5-P-Dam1 (-363),aagctcaccccgctcaacg,
SR-6.43,3-Dam1 (+328),TACGAGTCATCAGCGTTGCC,
SR-6.44,5-Pnmt1.Dis1,AAAATTCATTCTTTTACATAACTATTCATGCTCTGCTGGTTGTAAACATACGAGTCGTTAATTTATATTTGTTTATGTAAGAATTCGAGCTCGTTTAAAC,
SR-6.45,3-Pnmt1.Dis1-GFP,CTTCTATCTCCATTAATTTGTAAAAAGCTTACCTTATCAAAAATTTGACTGAGAATGCGGCTATTAAAATCGTCCAACTCCATGATTTAACAAAGCGACTATA,
SR-6.46,5-P-Dis1 (-254),acgatggtctaacgaattgtgc,
SR-6.47,3-Dis1 (+473),GCATGCTCTTGTGTTGGTACG,
SR-6.48,3-Pnmt1.GFP-Alp7,TCAGTTTCATTTGTCCCAATACTAGATGAGGAGGGAGACCTCCTACTGTAATCTGTAGAGCTCGAAACGATATCACTCATTTTGTATAGTTCATCCATGC,
SR-6.49,3-Pnmt1.Dis1noTAG,CTTCTATCTCCATTAATTTGTAAAAAGCTTACCTTATCAAAAATTTGACTGAGAATGCGGCTATTAAAATCGTCCAACTCCATGATTTAACAAAGCGACTATA,
SR-6.50,5-Dis1 TAG.FWD,CAGAGGCACGAGACAACTGGAGGGAGAGTCATGATTTGTCAAGTCATTTGTGGGAGCAAATCCAAAGGATGAAGAAGGCGCGGATCCCCGGGTTAATTAA,
SR-6.51,3-Dis1 TAG.RVS,GACGCTCGATTTGCCTTTCTTCGTCTTTGCTAAATCCAGCATGCCCTAATCAGTCATACTTTCGGATGCATCGCCGGGCAGAATTCGAGCTCGTTTAAAC,
SR-6.52,5-Pnmt1.Alp14,TTTAGAATTGGAGTTTTGGGAGAGCATTTGCTGTTTATTTATCTTATACGCTCCTTTAATTTTTGGCACCCCGGAGGAACGAATTCGAGCTCGTTTAAAC,
SR-6.53,3-Pnmt1.Alp14noTAG,GATAGACGCACTTTCCATACTTTATGTACTATTCTTGATTCTAGAGGAAGTTTGGAGTAGTCTTCTTCTTGATCTTGGCTCATGATTTAACAAAGCGACTATA,
SR-6.54,5-P-Klp2 (-991),ttgcccctggtaagcgacc,
SR-6.55,3-P-Klp2+T- (+20),atcctgttggtgctttccgtactttctccttttccccaaaaac,
SR-6.56,5-T-Klp2 (+1),cggaaagcaccaacaggatg,
SR-6.57,3-T-Klp2 (+804),aatgtattcaagattggcagtgg,
SR-6.58,5-P-Klp2 (-402),tggtgatgattggaccttcg,
SR-6.59,3-T-Klp2 (+154),taatagttctgacttgtggttc,
SR-6.60,5-Pnmt1 KpnI,ggggtaccGAGGATCAGAAAATTATCGCC,
SR-6.61,3-Pnmt1 SalI,ACGCGTCGACTTTAACAAAGCGACTATAAGTC,
SR-6.62,5-Cut7 SalI,ACGCGTCGACATGGCCCCTAGAGTTGCACCTG,
SR-6.63,3-GFP-STOP NotI,AAGGAAAAAAGCGGCCGCCTATTTGTATAGTTCATCCATGCC,
SR-6.64,3-Cut7(noSTOP) EcoRI,CGGAATTCTCGTTTCATTTTGGAATAGGCAC,
SR-6.65,5-mCherry EcoRI,CGGAATTCatggtgagcaagggcgagg,
SR-6.66,3-mCherry (+STOP) NotI,AAGGAAAAAAGCGGCCGCttacttgtacagctcgtccatg,
SR-6.67,5-Pnmt1.Pkl1,ATCTGTTTTGTCGAGCTGATAAATTCGTGTTTATAGTATTGGGAAGAATTACTCTATAAAACGCTCTTTTTAACTTATAGGAATTCGAGCTCGTTTAAAC,
SR-6.68,3-Pnmt1.GFP-Pkl1,GTGTTTATGGAAATGTCCTTTGTATTCTTTCGCATTAATAAGATAAGTTACTCAGAAGTACCTCTTACCTCAATTACCATTTTGTATAGTTCATCCATGC,
SR-6.69,5-Cut7 (+768),TGCTGGCGATGGGTTGCG,
SR-6.70,5-Cut7 (+1552),GCTCTGCAACTGCAACTGG,
SR-6.71,5-Cut7 (+2307),CACAACATCTTTGAACGATGC,
SR-6.72,3-mCherry (+118),cctcgccctcgccctcg,
SR-6.73,3-Tnmt1 (+149) (Kathleen),gtactcgttgtcggagatc,
SR-6.74,5-P Mal3 (-389),ttgtttaggcatcacatagtgc,
SR-6.75,3-Mal3 (+282),GATACCCTTCTTCAAGAATACC,
SR-6.76,5-P-Cls1 (-392),tccaaacccaacccgtacag,
SR-6.77,3-Csl1 (+362),GATATTGGGCACGTAAACGGC,
SR-6.78,5-Pnmt1.Cls1,GCGAGTTTTTAATATTCTCTTCGCAAACAACGCTTCACGTTTCTCTTGTTTCGCTCGTTTCATCAATATATTTGTAATTGGAATTCGAGCTCGTTTAAAC,
SR-6.79,3-Pnmt1.Cls1noTAG,TCAGTATATAGATGAAAGCTTTAGAATTTCATACCATTACTTTTAAGGAACTTTAAAAAATCTTGCGCATCCTTATCCGCCATGATTTAACAAAGCGACTATA,
SR-6.80,5-P-Klp6 (-569),tatcaatccactgaggagtgg,
SR-6.81,3-T-Klp6 (+626),ccaggcatgatgaaatacgcc,
SR-7.1,3-Pnmt1.GFP-Cls1,GTATATAGATGAAAGCTTTAGAATTTCATACCATTACTTTTAAGGAACTTTAAAAAATCTTGCGCATCCTTATCCGCCATTTTGTATAGTTCATCCATGC,
SR-7.2,3-Pnmt1.GFP-Alp14,AGACGCACTTTCCATACTTTATGTACTATTCTTGATTCTAGAGGAAGTTTGGAGTAGTCTTCTTCTTGATCTTGGCTCATTTTGTATAGTTCATCCATGC,
SR-7.3,5-GFP-SalI,ACGCGTCGACATGAGTAAAGGAGAAGAACTTTTC,
SR-7.4,3-Ase1 D(665-731) NotI,AAGGAAAAAAGCGGCCGCTTATTTCAGATTAGTTCTTTGCAATTTTTCC,
SR-7.5,5-P-Klp6 (-951),aattaatggtataacaacccacg,
SR-7.6,3-P-Klp6+T-(+20),aaccgatctcgttggtttctagcagtatcgtaatactgattc,
SR-7.7,5-T-Klp6 (+1),agaaaccaacgagatcggttttc,
SR-7.8,3-T-Klp6 (+980),aattgacgcacttgcatccttg,
SR-7.9,5-P-Klp5 (-487),taaagcaaagcaagaatcttgcc,
SR-7.10,3-T-Klp5 (+506),ccttatctctacactggtttgc,
SR-7.11,5-P-Dam1 (-542),atagtttccattacccacacgg,
SR-7.12,3-T-Dam1 (+567),cgtatattgttctaatgactggc,
SR-7.13,5-P-Cut11-KpnI,ggggtaccatgccaacatcctcttgtcc,
SR-7.14,3-Cut11-NotI(noSTOP),AAGGAAAAAAGCGGCCGCCGGAGTTGCTTTTGTATTCTCG,
SR-7.15,3-Cut11 (+112),AAGGGCGAAGCAGGCACG,
SR-7.16,5-P-Cut11 (-100),ttaactacgtggaagagttcgg,
SR-7.17,5-Cut11 (+634),GGTTGGTTGATAAGATTCTCC,
SR-7.18,5-Pr-20-Te-Klp6+1 (5-PromKlp6(-20)-TermKlp6(+1),atcagtattacgatactgctagaaaccaacgagatcggttttc,
SR-7.19,3-Sid4 EcoRI noSTOP,CGGAATTCCAAACTACGTTTTTTAAGCTCCC,
SR-7.20,5-P-Pka1 (-451),ttgttagacattaagttgcttcc,
SR-7.21,3-Pka1 (+386),TTTCAGGAAGAGGTGAAGGG,
SR-7.22,3-T-Pka1 (+459),ccaattacgaatgaaaccacc,
SR-7.23,5- T-Ase1 SacI,CGAGCTCgcttcttatttacctaatcgatc,
SR-7.24,3-T-Ase1 SpeI (-477),GGACTAGTgactattgcaaatccaaacatgg,
SR-7.25,5-P-Ase1 SalI (-549),ACGCGTCGACagatcctgtctttgaatatgagc,
SR-7.26,3-P-Ase1 BamHI,CGCGGATCCtgaaccggttgatgtaaatgag,
SR-7.27,3-GFP (noSTOP) XmaI,TCCCCCCGGGTTTGTATAGTTCATCCATGCCATG,
SR-7.28,5-Ase1 XmaI,TCCCCCCGGGATGCAAACAGTAATGATGGATG,
SR-7.29,5-Ase1 BamHI,CGCGGATCCATGCAAACAGTAATGATGGATG,
SR-7.30,3-Ase1 (+STOP) AscI,TTGGCGCGCCTTAAAAGCCTTCTTCTCCCCATTC,
SR-7.31,5-Ase1 (+475) XmaI,TCCCCCCGGGATGTATCACAAATTGGAGTCATATTG,
SR-7.32,5-Ase1(+475) BamHI,CGCGGATCCATGTATCACAAATTGGAGTCATATTG,
SR-7.33,5-IAA17 PacI,CCTTAATTAAATGATGGGCAGTGTCGAGC,
SR-7.34,3-IAA17 noSTOP AscI,TTGGCGCGCCCTCGTCGAGCTCTGCTC,
SR-7.35,5-Cls1 C-TAG,TTTCAATATTGGGAGGATTAAATGAAGGACAAAGGCTTCTTTTCATGCATTATTTAAAGATGAAGTCTGATGAAAAGAATCGGATCCCCGGGTTAATTAA,
SR-7.36,3-Cls1 C-TAG,AAAAAAGGAGCAGAGGAGGCAGTAGCGGAAGCTTCTTCTTGCATGCATAAGTTGAAGACATTAACAGGTTTGAGCGTATAGAATTCGAGCTCGTTTAAAC,
SR-7.37,3-Pnmt1.IAA17-Cls1,GTATATAGATGAAAGCTTTAGAATTTCATACCATTACTTTTAAGGAACTTTAAAAAATCTTGCGCATCCTTATCCGCCATTCGTCGAGCTCTGCTC,
SR-7.38,3-KanMX6 (+1002) Kathleen,CCTATTAATTTCCCCTCGTC,
SR-7.39,5-Cls1 (+4406),TAGTCAACAATGTTGATGAAACG,
SR-7.40,5-P-Ase1 (-87),atcttaacagttttcatatcttcc,
SR-7.41,5-Ase1 (+573),ACTGAATCTTTGAGAGGACGC,
SR-7.42,3-Ase1 (+1748),ACTAGCACTGTTTAATCTAGCG,
SR-7.43,5-Rec8.DEL,TTTCTATGCTTGAACTTCAAATATAATTTTGACGCGTTTAATAAGCTATCTGGTGAACTAACGCGTTCCTGTCTTTCACCCGGATCCCCGGGTTAATTAA,
SR-7.44,3-Rec8.DEL,ATTATTTTGACAACTTCAACAAAGGGTTTAATTCCCAAATTCAACGTTTTAAAAATTTTAAGTTTAACATGTGAAAAGTTGAATTCGAGCTCGTTTAAAC,
SR-7.45,5-P-Rec8 (-410),aatctctattcgatctagtggc,
SR-7.46,3-Rec8 (+548),TCGTAGAGACTAACTTCAGGG,
SR-7.47,3-NatMX6 (+587) Kathleen,CGTCGTCCGATTCGTCGTC,
SR-7.48,3-HphMX6 (+1118) Kathleen,GCTCCATACAAGCCAACCACG,
SR-7.49,5-Marker switch,CGGATCCCCGGGTTAATTAAGGCG,
SR-7.50,3-Marker switch,CGATACTAACGCCGCCATCCAGTTTAAACGAGCTCGAATTC,
SR-7.51,5-Cdr2-S632D,CGATCATTTTTAAGGAGATTATTTGATAGTGAGCCTTCTTGTAAATGC,
SR-7.52,3-Cdr2-S632D,GCATTTACAAGAAGGCTCACTATCAAATAATCTCCTTAAAAATGATCG,
SR-7.53,5-Cdr2S476Speptide,GATCCTGTaaCCGAATTCCCGGGAGTCGTCGCGCTACTTCACTGGATATGTCATAAG,
SR-7.54,3-Cdr2S476Speptide,TCGACTTATGACATATCCAGTGAAGTAGCGCGACGACTCCCGGGAATTCGGttACAG,
SR-7.55,5-Cdr2S476Apeptide,GATCCTGTaaCCGAATTCCCGGGAGTCGTCGCGCTACTGCACTGGATATGTCATAAG,
SR-7.56,3-Cdr2S476Apeptide,TCGACTTATGACATATCCAGTGCAGTAGCGCGACGACTCCCGGGAATTCGGttACAG,
SR-7.57,5-Cdr2S632Speptide,GATCCTGTaaCCGAATTCCCGGGAGGAGATTATTTAGTAGTGAGCCTTCTTGTAAATAAG,
SR-7.58,3-Cdr2S632Speptide,TCGACTTATTTACAAGAAGGCTCACTACTAAATAATCTCCTCCCGGGAATTCGGttACAG,
SR-7.59,5-Cdr2S632Apeptide,GATCCTGTaaCCGAATTCCCGGGAGGAGATTATTTGCTAGTGAGCCTTCTTGTAAATAAG,
SR-7.60,3-Cdr2S632Apeptide,TCGACTTATTTACAAGAAGGCTCACTAGCAAATAATCTCCTCCCGGGAATTCGGttACAG,
SR-7.61,5-IAA17-BamHI,CGCGGATCCATGATGGGCAGTGTCGAGC,
SR-7.62,3-IAA17noSTOP-XmaI,TCCCCCCGGGTCGTCGAGCTCTGCTCTTG,
SR-7.63,5-P-Pkl1(-523) XmaI,TCCCCCCGGGgtttagtcgttagctagatcgc,
SR-7.64,3-T-Pkl1 (+484) NotI,AAGGAAAAAAGCGGCCGCgtcctcaatgtacgttaaggc,
SR-7.65,5-Pkl1 (+229),GACATTAATGGCAAGAAGAGGG,
SR-7.66,5-Pkl1 (+1007),AGCTCTAGTGCTGATACAAGG,
SR-7.67,5-Pkl1 (+1854),TCACAAGACGGTATGATAGCG,
SR-7.68,5-Pkl1 (+2580),TTGGAAAAGGTGCCAAAACCC,
SR-7.69,5-P-Msd1 (-553) XmaI,TCCCCCCGGGtactatgaatcatctttcggagc,
SR-7.70,3-T-Msd1 (+505) NotI,AAGGAAAAAAGCGGCCGCgtgtgttagtagttttgagcag,
SR-7.71,5-Msd1 (+308),AACTGAATAAAGTTAGAACACTGG,
SR-7.72,5-Msd1 (+871),GTTTCAATTGATGAATTGGATGC,
SR-7.73,5-P-Wdr8 (-520) XmaI,TCCCCCCGGGtacacccaaaactgcatattcg,
SR-7.74,3-T-Wdr8 (+505) NotI,AAGGAAAAAAGCGGCCGCcgaaatgttgcatctgatgagg,
SR-7.75,5-Wdr8 (+279),TGCTAGCATACAGTGCGACC,
SR-7.76,5-Wdr8 (+1039),AGAACCGATTTCCCAGAACCC,
SR-7.77,5-Alp7 TAG.FWD,GGGAGGAACGACAACAGTTGATACAAATGAGCGAGGACTTGGTAATTGCAATGGATCAACTGAATTTGGAGCAAAAATCACGGATCCCCGGGTTAATTAA,
SR-7.78,3-Alp7 TAG.RVS,GCATCAATACATTAGCAATACTCTATCAAAAAAAAAAAAAAAATTATGGAGATTGTTTTTATCAAAAATGAAAGCGCAGAGAATTCGAGCTCGTTTAAAC,
SR-7.79,5-Alp14 TAG.FWD,CCATTGATTTAGCTGCCAAACTAAAACAAAAAATTACTGAGATGAAACAAACAGACCAAAGACATCAGGGATTGATTCACCGGATCCCCGGGTTAATTAA,
SR-7.80,3-Alp14 TAG.RVS,GATATTATCATTATTCTAAAACATTAAAAAATAGAAAGGGAAGTAAGGGACATTGGAATGTAAACGAAAGAATTTAAAAAGAATTCGAGCTCGTTTAAAC,
SR-7.81,5-Alp7 (+1340),AAAGGGAGGAACGACAACAG,
SR-8.1,5-Alp14 (+2342),CTAAAGCCATTGATTTAGCTGC,
SR-8.2,5-P-Swi6 (-505),gtttgacgatgattgcctacg,
SR-8.3,3-Swi6 (+474),AGGCTCCTTTGCTTCGGGC,
SR-8.4,5-Alp14TAG GFP-IAA,CCATTGATTTAGCTGCCAAACTAAAACAAAAAATTACTGAGATGAAACAAACAGACCAAAGACATCAGGGATTGATTCACGGATCCATGAGTAAAGGAGAAGAACTTTTCAC,
SR-8.5,5-P-Pmk1 (-481),ctgctagttcgtcggtgacc,
SR-8.6,3-Pmk1 (+388),agtaatcaatcacaggaagccg,
SR-8.7,5-Cut7 TAG.FWD,ACGTATATGATAAACCATCTAATTCATCAAGAACTAGTCTTTTGCGGAGTAGCAGAAGTGCCTATTCCAAAATGAAACGACGGATCCCCGGGTTAATTAA,
SR-8.8,3-Cut7 TAG.RVS,TTAACCAGCCAAAGCCCCAAGATGTAATACATTTCTATTGTATTTTCGTCCATTAAGTATAAATTAATAAAATCGTGTCAGAATTCGAGCTCGTTTAAAC,
SR-8.9,5-Wdr8.DEL,TGAAGCTAATCGTTGCTATGACAACGAATTGTAAATAAATCTGATCAAACAACAAACAGAGTTGCAAGCTTGGTTATGGGCGGATCCCCGGGTTAATTAA,
SR-8.10,3-Wdr8.DEL,AATTAGGTCGTTAGTAAAATAAAAAGAATATTTAAAAATGGTTACAATAATTAAGACTTTTAAGATAGAAAGTAAATCCCGAATTCGAGCTCGTTTAAAC,
SR-8.11,5-Mad1.DEL,ATATTATATTAAAGAGGTATACCAAAAATCAATTTCTCACTATGAGCTCCAAGCTGACAGTGTATCAAGCGACTACATCCCGGATCCCCGGGTTAATTAA,
SR-8.12,3-Mad1.DEL,TACTTTTCACATTTTGATTATGCGTATTTGTTAGTGTACATATTCATCGCCTGTAAGATGATGCTTAAGGCGTAAGTTAAGAATTCGAGCTCGTTTAAAC,
SR-8.13,5-P-Mad1 (-383),ggtacgcgatttggtctagc,
SR-8.14,3-Mad1 (+485),TTGATCATTCTTTTCTATCTGGG,