AL-1,3-T-Wdr8(+128),gcgggaacaatgaacgtgc
AL-2,3’-Msd1-(+497),CGAGCTTTCACTAGTCCATAG
AL-3,5’-Wdr8-(+120),CCTCGAGCTTCACCATGTG
AL-4,3’-Wdr8-(+1346),GGAACTCCAACGACCCTGG
AL-5,3’-Pkl1-(+682),GCTTGGCCTTTTCTGCTGC
AL-6,5’-Pkl1-(+510),GCTATCTAATGGCGAACATCG
AL-7,5’-Pkl1-(+1016),GCTGATACAAGGTTCTTGTAC
AL-8,5’-Pkl1-(+1425),CGAATCCAACAGCTGGAACG
AL-9,5’-Pkl1-(+2043),GGAAAGACGAACAACAGTGG
AL-10,5’-Pkl1-(+1549),GGGTTAGACCACTACTCCC
AL-11,5'-Hht1-Fwd-Tag,TGT GTG CTA TTC ACG GAA AAC GTG TTA CGA TTC AAC CCA AGG ATA TGC AGT TGG CTC GTC GTC TCC GTG GCG AAC GCT CAC GGA TCC CCG GGT TAA TTA A 
AL-12,3'-Hht1-Rvs-Tag,GGG TGA CAG TAT AAT ACA GGC AAG CAG TCA ATC AAA ATT AAT TTA GTC TCA ATT ACA ATT GCC AAA AGT CCT GGA GAA AAG AAT TCG AGC TCG TTT AAA C
AL-13,5’-P-Hht1-(-421),caccacgacgagcaagacg 
AL-14,3’-T-Hht1-(+308),cgataagttcattacatgctcg 
AL-15,5'-Rec11-del,CGTAAACAAACCCATCGTTTCTGTTAGATTAATCTTTGCCATAACCAACCACCATCGTACCAATTAATTGAGTGATTTCACGGATCCCCGGGTTAATTAA
AL-16,3'-Rec11-del,CCTTGCCTCAATAAGAAAGTTAGCACATGTGCTTTCTTATCTCTTTTCCCTCGGGGTTTAATTAGTGTTAAAATTTCGTTGAATTCGAGCTCGTTTAAAC
AL-17,5'-Sgo1-del,TTGTTTACCTTACACTTAACAGGTTTGTTTACATCAGCAAGTCCTTAATTGCTTTTCGCAAAAAAAGCTTTAAAAAAGCTCGGATCCCCGGGTTAATTAA
AL-18,3'-Sgo1-del,ATGTTGCTTGCAGTAGATTAAATTATAAATTAGCTGTGCTATAAATGTGAAAATATTTAACAATGTGACCTCAATATAATGAATTCGAGCTCGTTTAAAC
AL-19,5'-P-Rec11-(-432),gaacgaaggattcgaggaaag
AL-20,3'-Rec11-(+227),CGTGCATCTCTTCATTCGTC
AL-21,5'-P-Sgo1-(-283),ctctcaggagttggatggat
AL-22,3'-Sgo1-(+297),CCTCAGTTTGAGATTGATTGC
AL-23,5'-Rec12-del,TTTACACTGTAACCATACGCGCTTTGCATAATTATCTAGACAATGCAAAGAATGCTGAACGCGTCCAGAAAGTAAAAAAACGGATCCCCGGGTTAATTAA
AL-24,3'-Rec12-del,AAATTGAAATCTAGCAAGTCATCCATGTTGGAGGCTTTATTATGGGAGTGTAGTGAAAGTAGGTTGAACTATCCAAGAACGAATTCGAGCTCGTTTAAAC
AL-25,5'-P-Rec12-(-920),gggctggcacaaggaaagc
AL-26,3'-Rec12-(+999),TGCGGTTCATGACTGTAGGC
AL-27,5'-Rec8-Pnmt,TTTCTATGCTTGAACTTCAAATATAATTTTGACGCGTTTAATAAGCTATCTGGTGAACTAACGCGTTCCTGTCTTTCACCGAATTCGAGCTCGTTTAAAC
AL-28,3'-Rec8-Pnmt,TATTATTATCTTGTAGTAAATCTATACCAAATTACTCCCATTCCTCCCTTTTCCTTTGTAAGAACATCTTGATTGTAAAACATGATTTAACAAAGCGACTATA
AL-29,3'-Rec8-Pnmt-GFP,TATTATCTTGTAGTAAATCTATACCAAATTACTCCCATTCCTCCCTTTTCCTTTGTAAGAACATCTTGATTGTAAAACATTTTGTATAGTTCATCCATGC
AL-30,3'-Rec12-(+1159),CTGTTCACGAACAACGGGCT
AL-31,3'-T-Rad21-(+640),CGGAACTTGAGCATCTTGAGA
AL-32,5'-Rad21-Pnmt,CTTTTTTGATTCCCCTCTTTTTTTTGTCTTTACTCTTTAATTTCTTTCTATCTTTTTCTCCTAATCATATTAAGCTTCTTGAATTCGAGCTCGTTTAAAC
AL-33,3'-Rad21-Pnmt,AGACAAATTAGCACTGTTTACGCGCTAAAGAAAACTTATAAACTACATACCTTTTTTGAAAGAATGGCCTCTGAATAGAACATGATTTAACAAAGCGACTATA
AL-34,3'-Rad21-Pnmt-GFP,CAAATTAGCACTGTTTACGCGCTAAAGAAAACTTATAAACTACATACCTTTTTTGAAAGAATGGCCTCTGAATAGAACATTTTGTATAGTTCATCCATGC
AL-35,5'-Rad21-(+142),CCAAGGTATGGTTGGCAGC
AL-36,5'-Rec8-(+222),CTCCAGAACCGTTGGCACTACG
AL-37,3'-Rec8-(+1797),GCAGACTTAGTTGCTAGTGC
AL-38,5'-Rec8-Fwd-Tag,AGTCTGCATTTTTAGTTAAACAGGATAAACCATACTCTGAAATTAGTGTCTCTTTAAACCTAAAAAGCACCGATGCCATTCGGATCCCCGGGTTAATTAA
AL-39,3'-Rec8-Rev-Tag,ATTATTTTGACAACTTCAACAAAGGGTTTAATTCCCAAATTCAACGTTTTAAAAATTTTAAGTTTAACATGTGAAAAGTTGAATTCGAGCTCGTTTAAAC
AL-40,5'-Kan reverse,ggatggttcagtcacccaac
AL-41,3'-KanMX6(+1002),CCTATTAATTTCCCCTCGTC
AL-42,5'-Rad21-Fwd-Tag,TTATATCTGTCAAGCAGGATGTTGCCATTCAGAACGAAATCACGCTTACTGCTAAACGTGGAATGCTACTTTCATCACTACGGATCCCCGGGTTAATTAA
AL-43,3'-Rad21-Rev-Tag,GTCATAAAAATCTATTTCGTGTAAGTATTCACACTTATTTATAGATCTAATTGGATTTTGAAAAAATATTAACCGACCTCGAATTCGAGCTCGTTTAAAC
AL-44,5'-Kan-(+928),CGACATCATCTGCCCAGATGC
AL-45,5'-Rec10-Fwd-del,ATCAACTGAAACCGTTTTACGTATTTAATCCTATTTATTATTCCAAAAAAAATCTATTAACACTTAAACGTAACTAAAATCGGATCCCCGGGTTAATTAA
AL-46,3'-Rec10-Rev-del,TAACGCTTCCAATGTGAATTGTTTTAAAGTAATATGTCAATATAAGCCAATATCAATAAATTTGATACTATAGGTTCAAGGAATTCGAGCTCGTTTAAAC
AL-47,5'-Rec10-(+1692),GAGACTCCAGTTCCTGTACC
AL-48,3-kanMX6-(+108),CGCACCTGATTGCCCGAC
AL-49,5'-klp5-(+1507),CCGAATTCCGCAGATGAACG
AL-50,3'-ura4-(+197),GGTCGAAATCCTCGACAACG
AL-51,5'-Mug184-del,TCAATTGAAATTGTACAAAGGGCTTTAAATTCGTCCATATAATAAGAAGCAATATATCATCAATTTCAGAATGATCTAAACGGATCCCCGGGTTAATTAA
AL-52,3'-Mug184-del,GTTTTATTAAGGAAAATGGATGATCATGTATTTCTGAGAAAACCCTGATGAATGGTTTAACAGATGACGACTTGATTTGTGAATTCGAGCTCGTTTAAAC
AL-53,3'-T-Klp5-(+376),GCGCTGCCATCCGTGAAGG
AL-54,5'-Mug184-(+198),CAGATAGGAATCCTGGAGACG
AL-55,3'-Mug184-(+1553),CACTGGGATTGAAGGCATTGC
AL-56,5'-SPBC16E9.15-(+169),TCCATGCGTGAGGCCATGA
AL-57,3'-T-SPBC16E9.15-(+844),TCTACTCCCAGCACCTTGCC
AL-58,5'-SPBC16E9.15-Fwd-del,CCAACTATTGTATTCACAAGTGAGTTCTTATTACCTGAAGGAAGCATCTATACATATTAAAAAAAAGGTTTTCGGTTACACGGATCCCCGGGTTAATTAA
AL-59,3'-SPBC16E9.15-Rev-del,ATCCCCAATCCACCACGTCAAACAAGCTGTATGCTCACTTCAAATAGAAAGCTTTGAAAATCTTATGCGGTGAATCTTGTGAATTCGAGCTCGTTTAAAC
AL-60,5'-P-Rec10-(-559),GCAGGTCAGCTGCGGTGTG
AL-61,5'-P-Mug184-(-506),GACAAGAGGCTAGGTGCGAG
AL-62,5'-P-Moa1-(-177),CAGCAGCCTTGTGGTTTCAC
AL-63,3'-Moa1-(+323),GTCCTCATGCAAGACTTCG
AL-64,5'-Moa1-Fwd-del,TTTTCCCATTGGTAAAAATGTAAACAAAACCGCATTAATCATATAAAACATTAAGCGAAAAAAAACAATAGATTGCATTTCGGATCCCCGGGTTAATTAA
AL-65,3'-Moa1-Rev-del,TTTTTAATAAATATATCATATGAAAAATAGATGCGTTAGTACTTGAAAAGTACGATTATATTCCAGTGTCAGTTAGAGATGAATTCGAGCTCGTTTAAAC
AL-66,3'-Rec10-(-133),GGTAGTTGGTACACGAAGAC
AL-67,3'-T-Rec10-(+392),CGTGTTCGTGAACTGGAGAT
AL-68,5'-Ppk3-(+1155),GCGAACCTTGTGCGCTCC
AL-69,3'-T-Ppk3-(+316),ACAAGGTGTAGAGGTGCTGG
AL-70,3'-Rec8-(+1303),CCCTACTCGGCATCGATGG
AL-71,5'-P-nmt1-(-100),AAAGGAAGAGGAATCCTGGC
AL-72,5'-SPBC16e9.15-Fwd-Tag,CTCGTTTAGATCAACTTGAAGAATCCATGCGTGAGGCCATGAACAAAAAGTCTTCTGTCTCACCGGTCACATCGACCGAGCGGATCCCCGGGTTAATTAA
AL-73,3'-SPBC16e9.15-Rev-Tag,ATCCCCAATCCACCACGTCAAACAAGCTGTATGCTCACTTCAAATAGAAAGCTTTGAAAATCTTATGCGGTGAATCTTGTGAATTCGAGCTCGTTTAAAC
AL-74,5'-P-Dhc1-(-857),TCAAGCGATGCAACGTCGC
AL-75,3'-Dhc1-(+1454),GCACCAATGAGCTGTTGGTGC
AL-76,5'-P-SPBC16E9.15C,CAGAGCCATCGTGGAACGC
AL-77,5'-Wdr8-Fwd-Tag,CCGAAGTTACTCAAACTATAATTTCTCAAGAAGTTTTAGATAATGAGTTAGAAACAACGCAAACGATTTCCATACCATCTCGGATCCCCGGGTTAATTAA
AL-78,3'-Wdr8-Rev-Tag, AATTAGGTCGTTAGTAAAATAAAAAGAATATTTAAAAATGGTTACAATAATTAAGACTTTTAAGATAGAAAGTAAATCCCGAATTCGAGCTCGTTTAAAC
AL-79,5'-Tom70-Fwd-Tag,CATATGCTGAGGCTACTCGTACGCAAATTGCCTTGACTGAAAAGTACCCACAGTTGGTTGGTCGTTTAAGCAATCCTATGCGGATCCCCGGGTTAATTAA
AL-80,3'-Tom70-Rvs-Tag,TTGGAACCTTTTTAAAGCATTCAAAATGTTTTCGCCAACTGCTTATTTTGACTAACAGTAATTCTCATATACAATCTCGTGAATTCGAGCTCGTTTAAAC
AL-81,5'-Tom70-(+311),CGCTGCTGCTGCTGCTGC
AL-82,5'-P-Atb2-(-1025),GACCGTTTGGAGCTCGAGC
AL-83,3'-Atb2-(+907),CCTGAACCGGTACCACCTC
