1,3-T-Wdr8(+128),gcgggaacaatgaacgtgc
2,3’-Msd1-(+497),CGAGCTTTCACTAGTCCATAG
3,5’-Wdr8-(+120),CCTCGAGCTTCACCATGTG
4,3’-Wdr8-(+1346),GGAACTCCAACGACCCTGG
5,3’-Pkl1-(+682),GCTTGGCCTTTTCTGCTGC
6,5’-Pkl1-(+510),GCTATCTAATGGCGAACATCG
7,5’-Pkl1-(+1016),GCTGATACAAGGTTCTTGTAC
8,5’-Pkl1-(+1425),CGAATCCAACAGCTGGAACG
9,5’-Pkl1-(+2043),GGAAAGACGAACAACAGTGG
10,5’-Pkl1-(+1549),GGGTTAGACCACTACTCCC
11,5'-Hht1-Fwd-Tag,TGT GTG CTA TTC ACG GAA AAC GTG TTA CGA TTC AAC CCA AGG ATA TGC AGT TGG CTC GTC GTC TCC GTG GCG AAC GCT CAC GGA TCC CCG GGT TAA TTA A 
12,3'-Hht1-Rvs-Tag,GGG TGA CAG TAT AAT ACA GGC AAG CAG TCA ATC AAA ATT AAT TTA GTC TCA ATT ACA ATT GCC AAA AGT CCT GGA GAA AAG AAT TCG AGC TCG TTT AAA C
13,5’-P-Hht1-(-421),caccacgacgagcaagacg 
14,3’-T-Hht1-(+308),cgataagttcattacatgctcg 
15,5'-Rec11-del,CGTAAACAAACCCATCGTTTCTGTTAGATTAATCTTTGCCATAACCAACCACCATCGTACCAATTAATTGAGTGATTTCACGGATCCCCGGGTTAATTAA
16,3'-Rec11-del,CCTTGCCTCAATAAGAAAGTTAGCACATGTGCTTTCTTATCTCTTTTCCCTCGGGGTTTAATTAGTGTTAAAATTTCGTTGAATTCGAGCTCGTTTAAAC
17,5'-Sgo1-del,TTGTTTACCTTACACTTAACAGGTTTGTTTACATCAGCAAGTCCTTAATTGCTTTTCGCAAAAAAAGCTTTAAAAAAGCTCGGATCCCCGGGTTAATTAA
18,3'-Sgo1-del,ATGTTGCTTGCAGTAGATTAAATTATAAATTAGCTGTGCTATAAATGTGAAAATATTTAACAATGTGACCTCAATATAATGAATTCGAGCTCGTTTAAAC
19,5'-P-Rec11-(-432),gaacgaaggattcgaggaaag
20,3'-Rec11-(+227),CGTGCATCTCTTCATTCGTC
21,5'-P-Sgo1-(-283),ctctcaggagttggatggat
22,3'-Sgo1-(+297),CCTCAGTTTGAGATTGATTGC
23,5'-Rec12-del,TTTACACTGTAACCATACGCGCTTTGCATAATTATCTAGACAATGCAAAGAATGCTGAACGCGTCCAGAAAGTAAAAAAACGGATCCCCGGGTTAATTAA
24,3'-Rec12-del,AAATTGAAATCTAGCAAGTCATCCATGTTGGAGGCTTTATTATGGGAGTGTAGTGAAAGTAGGTTGAACTATCCAAGAACGAATTCGAGCTCGTTTAAAC
25,5'-P-Rec12-(-920),gggctggcacaaggaaagc
26,3'-Rec12-(+999),TGCGGTTCATGACTGTAGGC
27,5'-Rec8-Pnmt,TTTCTATGCTTGAACTTCAAATATAATTTTGACGCGTTTAATAAGCTATCTGGTGAACTAACGCGTTCCTGTCTTTCACCGAATTCGAGCTCGTTTAAAC
28,3'-Rec8-Pnmt,TATTATTATCTTGTAGTAAATCTATACCAAATTACTCCCATTCCTCCCTTTTCCTTTGTAAGAACATCTTGATTGTAAAACATGATTTAACAAAGCGACTATA
29,3'-Rec8-Pnmt-GFP,TATTATCTTGTAGTAAATCTATACCAAATTACTCCCATTCCTCCCTTTTCCTTTGTAAGAACATCTTGATTGTAAAACATTTTGTATAGTTCATCCATGC
30,3'-Rec12-(+1159),CTGTTCACGAACAACGGGCT
31,3'-T-Rad21-(+640),CGGAACTTGAGCATCTTGAGA
32,5'-Rad21-Pnmt,CTTTTTTGATTCCCCTCTTTTTTTTGTCTTTACTCTTTAATTTCTTTCTATCTTTTTCTCCTAATCATATTAAGCTTCTTGAATTCGAGCTCGTTTAAAC
33,3'-Rad21-Pnmt,AGACAAATTAGCACTGTTTACGCGCTAAAGAAAACTTATAAACTACATACCTTTTTTGAAAGAATGGCCTCTGAATAGAACATGATTTAACAAAGCGACTATA
34,3'-Rad21-Pnmt-GFP,CAAATTAGCACTGTTTACGCGCTAAAGAAAACTTATAAACTACATACCTTTTTTGAAAGAATGGCCTCTGAATAGAACATTTTGTATAGTTCATCCATGC
35,5'-Rad21-(+142),CCAAGGTATGGTTGGCAGC
36,5'-Rec8-(+222),CTCCAGAACCGTTGGCACTACG
37,3'-Rec8-(+1797),GCAGACTTAGTTGCTAGTGC
38,5'-Rec8-Fwd-Tag,AGTCTGCATTTTTAGTTAAACAGGATAAACCATACTCTGAAATTAGTGTCTCTTTAAACCTAAAAAGCACCGATGCCATTCGGATCCCCGGGTTAATTAA
39,3'-Rec8-Rev-Tag,ATTATTTTGACAACTTCAACAAAGGGTTTAATTCCCAAATTCAACGTTTTAAAAATTTTAAGTTTAACATGTGAAAAGTTGAATTCGAGCTCGTTTAAAC
40,5'-Kan reverse,ggatggttcagtcacccaac
41,3'-KanMX6(+1002),CCTATTAATTTCCCCTCGTC
42,5'-Rad21-Fwd-Tag,TTATATCTGTCAAGCAGGATGTTGCCATTCAGAACGAAATCACGCTTACTGCTAAACGTGGAATGCTACTTTCATCACTACGGATCCCCGGGTTAATTAA
43,3'-Rad21-Rev-Tag,GTCATAAAAATCTATTTCGTGTAAGTATTCACACTTATTTATAGATCTAATTGGATTTTGAAAAAATATTAACCGACCTCGAATTCGAGCTCGTTTAAAC
44,5'-Kan-(+928),CGACATCATCTGCCCAGATGC
45,5'-Rec10-Fwd-del,ATCAACTGAAACCGTTTTACGTATTTAATCCTATTTATTATTCCAAAAAAAATCTATTAACACTTAAACGTAACTAAAATCGGATCCCCGGGTTAATTAA
46,3'-Rec10-Rev-del,TAACGCTTCCAATGTGAATTGTTTTAAAGTAATATGTCAATATAAGCCAATATCAATAAATTTGATACTATAGGTTCAAGGAATTCGAGCTCGTTTAAAC
47,5'-Rec10-(+1692),GAGACTCCAGTTCCTGTACC
48,3-kanMX6-(+108),CGCACCTGATTGCCCGAC
49,5'-klp5-(+1507),CCGAATTCCGCAGATGAACG
50,3'-ura4-(+197),GGTCGAAATCCTCGACAACG
51,5'-Mug184-del,TCAATTGAAATTGTACAAAGGGCTTTAAATTCGTCCATATAATAAGAAGCAATATATCATCAATTTCAGAATGATCTAAACGGATCCCCGGGTTAATTAA
52,3'-Mug184-del,GTTTTATTAAGGAAAATGGATGATCATGTATTTCTGAGAAAACCCTGATGAATGGTTTAACAGATGACGACTTGATTTGTGAATTCGAGCTCGTTTAAAC
53,3'-T-Klp5-(+376),GCGCTGCCATCCGTGAAGG
54,5'-Mug184-(+198),CAGATAGGAATCCTGGAGACG
55,3'-Mug184-(+1553),CACTGGGATTGAAGGCATTGC
56,5'-SPBC16E9.15-(+169),TCCATGCGTGAGGCCATGA
57,3'-T-SPBC16E9.15-(+844),TCTACTCCCAGCACCTTGCC
58,5'-SPBC16E9.15-Fwd-del,CCAACTATTGTATTCACAAGTGAGTTCTTATTACCTGAAGGAAGCATCTATACATATTAAAAAAAAGGTTTTCGGTTACACGGATCCCCGGGTTAATTAA
59,3'-SPBC16E9.15-Rev-del,ATCCCCAATCCACCACGTCAAACAAGCTGTATGCTCACTTCAAATAGAAAGCTTTGAAAATCTTATGCGGTGAATCTTGTGAATTCGAGCTCGTTTAAAC
60,5'-P-Rec10-(-559),GCAGGTCAGCTGCGGTGTG
61,5'-P-Mug184-(-506),GACAAGAGGCTAGGTGCGAG
62,5'-P-Moa1-(-177),CAGCAGCCTTGTGGTTTCAC
63,3'-Moa1-(+323),GTCCTCATGCAAGACTTCG
64,5'-Moa1-Fwd-del,TTTTCCCATTGGTAAAAATGTAAACAAAACCGCATTAATCATATAAAACATTAAGCGAAAAAAAACAATAGATTGCATTTCGGATCCCCGGGTTAATTAA
65,3'-Moa1-Rev-del,TTTTTAATAAATATATCATATGAAAAATAGATGCGTTAGTACTTGAAAAGTACGATTATATTCCAGTGTCAGTTAGAGATGAATTCGAGCTCGTTTAAAC
66,3'-Rec10-(-133),GGTAGTTGGTACACGAAGAC
67,3'-T-Rec10-(+392),CGTGTTCGTGAACTGGAGAT
68,5'-Ppk3-(+1155),GCGAACCTTGTGCGCTCC
69,3'-T-Ppk3-(+316),ACAAGGTGTAGAGGTGCTGG
70,3'-Rec8-(+1303),CCCTACTCGGCATCGATGG
71,5'-P-nmt1-(-100),AAAGGAAGAGGAATCCTGGC
72,5'-SPBC16e9.15-Fwd-Tag,CTCGTTTAGATCAACTTGAAGAATCCATGCGTGAGGCCATGAACAAAAAGTCTTCTGTCTCACCGGTCACATCGACCGAGCGGATCCCCGGGTTAATTAA
73,3'-SPBC16e9.15-Rev-Tag,ATCCCCAATCCACCACGTCAAACAAGCTGTATGCTCACTTCAAATAGAAAGCTTTGAAAATCTTATGCGGTGAATCTTGTGAATTCGAGCTCGTTTAAAC
74,5'-P-Dhc1-(-857),TCAAGCGATGCAACGTCGC
75,3'-Dhc1-(+1454),GCACCAATGAGCTGTTGGTGC
76,5'-P-SPBC16E9.15C,CAGAGCCATCGTGGAACGC
77,5'-Wdr8-Fwd-Tag,CCGAAGTTACTCAAACTATAATTTCTCAAGAAGTTTTAGATAATGAGTTAGAAACAACGCAAACGATTTCCATACCATCTCGGATCCCCGGGTTAATTAA
78,3'-Wdr8-Rev-Tag, AATTAGGTCGTTAGTAAAATAAAAAGAATATTTAAAAATGGTTACAATAATTAAGACTTTTAAGATAGAAAGTAAATCCCGAATTCGAGCTCGTTTAAAC
79,5'-Tom70-Fwd-Tag,CATATGCTGAGGCTACTCGTACGCAAATTGCCTTGACTGAAAAGTACCCACAGTTGGTTGGTCGTTTAAGCAATCCTATGCGGATCCCCGGGTTAATTAA
80,3'-Tom70-Rvs-Tag,TTGGAACCTTTTTAAAGCATTCAAAATGTTTTCGCCAACTGCTTATTTTGACTAACAGTAATTCTCATATACAATCTCGTGAATTCGAGCTCGTTTAAAC
81,5'-Tom70-(+311),CGCTGCTGCTGCTGCTGC
82,5'-P-Atb2-(-1025),GACCGTTTGGAGCTCGAGC
83,3'-Atb2-(+907),CCTGAACCGGTACCACCTC