SR-1.1,ggggtaccatgaataatttcataatactgatgcc
SR-1.2,catccgctcgagacacttcaactattcaaaagaacc
SR-1.3,catccgctcgag atg agt aca att tca gaa gtt gga c
SR-1.4,aaggaaaaaagcggccgccactttggacggattgtcgttgac
SR-1.5,c tgg gga tgc gta atg ggg
SR-1.6,cg ttt gat gat gac aac att cg
SR-1.7,cc caa tcc ata ctt caa cga cc
SR-1.8,cc aaa cat aga aga aga caa tcg
SR-1.9,gc ttg gtt gct tca gaa gcg gaa cat gaa gct tta gaa gct gct aga aga gcg cag ctt gct ggt atc ggc att gc
SR-1.10,gc aat gcc gat acc agc aag ctg cgc tct tct agc agc ttc taa agc ttc atg ttc cgc ttc tga agc aac caa gc
SR-1.11,CCT TTT CAA CCA AAA CGA TCA GCT GCA AGG AGA GCA GCT AGT AGT GAG CCT TCT TGT AAA TGC
SR-1.12,GCATTTACAAGAAGGCTCACTACTAGCTGCTCTCCTTGCAGCTGATCGTTTTGGTTGAAAAGG
SR-1.13,GGT TCT TCT ACA ACT GCT GAC CAT GCG GCT ACA GAA GCC CAG CTG GCT GCT GAA GAT AAG GGG TTT TTG G
SR-1.14,CCAAAAACCCCTTATCTTCAGCAGCCAGCTGGGCTTCTGTAGCCGCATGGTCAGCAGTTGTAGAAGAACC
SR-1.15,CC TCT TAT GAT TCG TTG AAT GTT CCC AAC CAT CAG CAG CAG CAA TCG TTA TTC TCT CCT TCT TCT ACA AAC AAC AAC CTT TCC GGC TCA CC
SR-1.16,GGTGAGCCGGAAAGGTTGTTGTTTGTAGAAGAAGGAGAGAATAACGATTGCTGCTGCTGATGGTTGGGAACATTCAACGAATCATAAGAGG
SR-1.17,g gtt gcg atc aac tgc agc gct ttg tat agg ggc tga tat g
SR-1.18,agcgctgcagttgatcgcaacc
SR-1.19,c aga agt agc agg tcg agg aac gga agg cgg atg caa gtg tct g
SR-1.20,gttcctcgacctgctacttctg
SR-1.21,gg ata tgc aag tcc tgg ggt aac aga ctc tgc agc ata aga aat tgg
SR-1.22,gttaccccaggacttgcatatcc
SR-1.23,gct gtt cct caa ctc cca aaa tca aat gat ttt cgt atg aat gag aat gac
SR-1.24,tgattttgggagttgaggaacagc
SR-1.25,gc gct act tca ctg gat atg tca agt gct ttt aat cca aga gtt act c
SR-1.26,tgacatatccagtgaagtagcgc
SR-1.27,c gta agc ttc ccg cgc ggc tat gat tcg ttg aat gtt ccc aaa c
SR-1.28,gccgcgcgggaagcttacg
SR-1.29,gat ctc tct caa tca cca gcc tct tat gcc agc ttg gtt gct tca g
SR-1.30,agaggctggtgattgagagagatc
SR-1.31,gt gag cct tct tgt aaa tgc gtc ctt aaa ccg gtt cgg ttt aga ata tc
SR-1.32,gacgcatttacaagaaggctcac
SR-1.33,cgt att aaa cga caa aat tca ctt aat gct tcg gca tcc aga cct gtt tc
SR-1.34,attaagtgaattttgtcgtttaatacg
SR-1.35,CGGCATCCAGACCTGTTTCTCGAATGAGTGTAAGTAGTAGTCCTTTTGCTGTATTTCGTCAACGACAATCCGTCCAAAGTCGGATCCCCGGGTTAATTAA
SR-1.36,GTGGTTCCATATAGCAAGTTGAACAAGTAAAAGAAAAACATCAGAAAAAGAATGGAGGTCTATAAAGATATTGTTGGTGTGAATTCGAGCTCGTTTAAAC
SR-1.37,gcttggttgcttcagaagcggaacatgaagctttagaagttcttag
SR-1.38,ctaagaacttctaaagcttcatgttccgcttctgaagcaaccaagc
SR-1.39,catgaagctttagaagctgctagaagagcgcagcttgctggtatcggcattgc
SR-1.40,gcaatgccgataccagcaagctgcgctcttctagcagcttctaaagcttcatg
SR-1.41,caaccaaaacgatcagctgcaaggagagcagctagtagtgagccttc
SR-1.42,gaaggctcactactagctgctctccttgcagctgatcgttttggttg
SR-1.43,ggttcttctacaactgctgaccatgcggctacagaattccag
SR-1.44,ctggaattctgtagccgcatggtcagcagttgtagaagaacc
SR-1.45,catgcggctacagaagcccagctggctgctgaagataagggg
SR-1.46,ccccttatcttcagcagccagctgggcttctgtagccgcatg
SR-1.47,CGACAGGTATGGGACCTCCACAAAACCAAGTCACTTCTAGAATG
SR-1.48,CATTCTAGAAGTGACTTGGTTTTGTGGAGGTCCCATACCTGTCG
SR-1.49,GATTCGTTGAATGTTCCCAATCAACAACAACAACAATCGTTATTCTCTC
SR-1.50,GAGAGAATAACGATTGTTGTTGTTGTTGATTGGGAACATTCAACGAATC
SR-1.51,CTCTCCTTCTTCTACAAACAATAACCTTTCCGGCTCACCTTTTC
SR-1.52,GAAAAGGTGAGCCGGAAAGGTTATTGTTTGTAGAAGAAGGAGAG
SR-1.53,ACGCGTCGACATGAATAATTTCATAATACTGATGCC
SR-1.54,CGCGGATCCACACTTCAACTATTCAAAAGAACC
SR-1.55,ACGCACGAGTCGACGATTCTCCAAAACCTTTGCAAAC
SR-1.56,GGACTAGTTCGCTGCTTGTTCAAGTAATAAG
SR-1.57,CGCGGATCCATGAGTAAAGGAGAAGAACTTTTCAC
SR-1.58,CCTTAATTAATTTGTATAGTTCATCCATGCCATG
SR-1.59,CCTTAATTAACAGTACAATTTCAGAAGTTGGACC
SR-1.60,TTGGCGCGCCTTAACTTTGGACGGATTGTCG
SR-1.61,TTGGCGCGCCTTACATCAAAATACAACAAAACTTCTCTAATTTGGAACCTTTCTTTTTAGGAGGTTTACTTTGGACGGATTGTCGTTG
SR-1.62,TTGGCGCGCCTTACATCAAAATACAACAAAACTTCTCTAATTTGGAACCTTTCTTTTTAGGAGGTTTTTTGTATAGTTCATCCATGCCATG
SR-1.63,CCTTAATTAAC TATGATTCGTTGAATGTTCCCAAAC
SR-1.64,TGGTTGCTAGC GACGCATTTACAAGAAGGCTCAC
SR-1.65,TGGTTGCTAGC TATGATTCGTTGAATGTTCCCAAAC
SR-1.66,TTGGCGCGCC TTAGACGCATTTACAAGAAGGCTCAC
SR-1.67,CCTTAATTAAC TATGCCAGCTTGGTTGCTTCAG
SR-1.68,TGGTTGCTAGC ATTAAGTGAATTTTGTCGTTTAATACG
SR-1.69,TGGTTGCTAGC TATGCCAGCTTGGTTGCTTCAG
SR-1.70,TTGGCGCGCCTTA ATTAAGTGAATTTTGTCGTTTAATACG
SR-1.71,CCTTAATTAAC CTTAAACCGGTTCGGTTTAGAATATC
SR-1.72,TGGTTGCTAGC TTGAAAATAAGAGAGTTCCAAATTATC
SR-1.73,TGGTTGCTAGC CTTAAACCGGTTCGGTTTAGAATATC
SR-1.74,TTGGCGCGCCTTA TTGAAAATAAGAGAGTTCCAAATTATC
SR-1.75,CTCTCGTCGTCTTCGTGCCCCTAGTGGGGAGAG
SR-1.76,CTCTCCCCACTAGGGGCACGAAGACGACGAGAG
SR-1.77,CTCTCGTCGTCTTCGTGAGCCTAGTGGGGAGAG
SR-1.78,CTCTCCCCACTAGGCTCACGAAGACGACGAGAG
SR-1.79,gctgttctatgaatggggtttgg
SR-1.80,ACGTGATGAATTTGGTCCTCC
SR-1.81,GCATCACCTTCACCCTCTCC
SR-2.1,GAGACCACATGGTCCTTCTTG
SR-2.2,GCGACCTCATACTATACCTGAG
SR-2.3,CGACATCATCTGCCCAGATGC
SR-2.4,GACGACGAATCGGACGACG
SR-2.5,ccaatctgcgctgtcttcgc
SR-2.6,taccaaacttgtttgtaactctac
SR-2.7,AAGGAAAAAA GCGGCCGC TTAACTTTGGACGGATTGTCG
SR-2.8,CG GGATCC TATGATTCGTTGAATGTTCCCAAAC
SR-2.9,AAGGAAAAAA GCGGCCGC TTATTGAAAATAAGAGAGTTCCAAATTATC
SR-2.10,CAATCATATCAGCCCCTATACAATATGATTCGTTGAATGTTCCCAAAC
SR-2.11,TTGTATAGGGGCTGATATGATT
SR-2.12,attggacaacatcgaagcttcc
SR-2.13,TCCCCCCGGG TATGATTCGTTGAATGTTCCCAAAC
SR-2.14,TCCCCCCGGG AGAGGCTGGTGATTGAGAGAG
SR-2.15,TCCCCCCGGG GGAGTATCTGCTACAAAAGACG
SR-2.16,TCCCCCCGGG TGACTTCTTAGCCTTTGAATTCTC
SR-2.17,CATCCGCTCGAG ATGTATGATTCGTTGAATGTTCCCAAAC
SR-2.18,CATCCGCTCGAG ATGTATGCCAGCTTGGTTGCTTCAG
SR-2.19,CATCCGCTCGAG ATGCTTAAACCGGTTCGGTTTAGAATATC
SR-2.20,AAGGAAAAAAGCGGCCGCC GACGCATTTACAAGAAGGCTCAC
SR-2.21,AAGGAAAAAAGCGGCCGCC ATTAAGTGAATTTTGTCGTTTAATACG
SR-2.22,AAGGAAAAAAGCGGCCGCCTTGAAAATAAGAGAGTTCCAAATTATC
SR-2.23,CGGGATCC ATGTATGATTCGTTGAATGTTCCCAAAC
SR-2.24,CCTTAATTAA GACGCATTTACAAGAAGGCTCAC
SR-2.25,CGGGATCC ATGTATGCCAGCTTGGTTGCTTCAG
SR-2.26,CCTTAATTAA ATTAAGTGAATTTTGTCGTTTAATACG
SR-2.27,CGGGATCC ATGCTTAAACCGGTTCGGTTTAGAATATC
SR-2.28,CCTTAATTAA TTGAAAATAAGAGAGTTCCAAATTATC
SR-2.29,CCTTAATTAAC AGTAAAGGAGAAGAACTTTTCAC
SR-2.30,CGGGATCC ATGAGTGCTTTTAATCCAAGAGTTACTC
SR-2.31,CGGGATCC ATGAATGATTTTCGTATGAATGAGAATG
SR-2.32,TCCCCCCGGG TATGCCAGCTTGGTTGCTTCAG
SR-2.33,TCCCCCCGGG GACGCATTTACAAGAAGGCTCAC
SR-2.34,AAGGAAAAAAGCGGCCGCTTGAGTAAAGGAGAAGAACTTTTCAC
SR-2.35,ACGCGTCGACTTACATCAAAATACAACAAAACTTCTC
SR-2.36,GAAAAAGCTTTCCGGCTCACCTAAAAAGCCACCTAACAGCGTAC
SR-2.37,AGGTGAGCCGGAAAGCTTTTTC
SR-2.38,ACGCGTCGACTTATGATTCGTTGAATGTTCCCAAAC
SR-2.39,CGGGATCCTTATTGAAAATAAGAGAGTTCCAAATTATC
SR-2.40,AAGGAAAAAAGCGGCCGCCTTTGTCCAAAACACCTTCTTTTTG
SR-2.41,CATCCGCTCGAGATGACTGTGGCGAATACCGAG
SR-2.42,AGGAAAAAAGCGGCCGCTTTTAATTAAGACGCATTTACAAGAAGGCTCAC
SR-2.43,CCTTTTCAACCAAAACAATCATTTTTACAGAGATTATTTAGTAGTGAGC
SR-2.44,GCTCACTACTAAATAATCTCTGTAAAAATGATTGTTTTGGTTGAAAAGG
SR-2.45,CGGTACTGGCTGAGGATGATGGTTCACAAGCTGTC
SR-2.46,GACAGCTTGTGAACCATCATCCTCAGCCAGTACCG
SR-2.47,TGTCTGTAAAGCTGCCATACC
SR-2.48,TCTGCCCTATGAAGGATTTGC
SR-2.49,CAATCTACGCCACGCAGACG
SR-2.50,AAGATATAGACACCTTACTAACG
SR-2.51,CGTCTTTGAGTTCTTTCCAAGG
SR-2.52,GCTTCGATATCTGCTCAAATTAATCGACAGAATTCACTTAATCTTAAACC
SR-2.53,GGTTTAAGATTAAGTGAATTCTGTCGATTAATTTGAGCAGATATCGAAGC
SR-2.54,CACTTAATCTTAAACCGGTTCAGTTTAGGATATCGGTACTGGC
SR-2.55,GCCAGTACCGATATCCTAAACTGAACCGGTTTAAGATTAAGTG
SR-2.56,CTGCTCGTATTAAACAACAGAATTCACTTAATCTTAAACC
SR-2.57,GGTTTAAGATTAAGTGAATTCTGTTGTTTAATACGAGCAG
SR-2.58,CAGAATTCACTTAATCTTAATCCGGTTCGGTTTAGAATATCG
SR-2.59,CGATATTCTAAACCGAACCGGATTAAGATTAAGTGAATTCTG
SR-2.60,GTAGTGAGCCTTCTGCCAAGGCCGTCTATGCCAGCTTGG
SR-2.61,CCAAGCTGGCATAGACGGCCTTGGCAGAAGGCTCACTAC
SR-2.62,GCGCttaattaaCCCGGGAATGCGTTTGTCCAAAACACCTTCTTTTTG
SR-2.63,GCGCttaattaaCCCGGGAATGCGACTTTGGACGGATTGTCGTTGACG
SR-2.64,GCGCttaattaaCTTTCAACCAAAACGATCATTTTTAAGG
SR-2.65,TTGGCGCGCCCTATTTGTATAGTTCATCCATGCC
SR-2.66,TATACATGGGGATGTATGGGC
SR-2.67,GCGCAGAAAGTAATATCATGCG
SR-2.68,ggatcttccattggtaagcg
SR-2.69,actagctattttctttagtcggc
SR-2.70,gacggtacgaagcgaatgcc
SR-2.71,agaaccacacccacctccc
SR-2.72,CTGCTCAAATTAATCAACAAAATTCACTTAATCTTAAACC
SR-2.73,GGTTTAAGATTAAGTGAATTTTGTTGATTAATTTGAGCAG
SR-2.74,CAAAATTCACTTAATCTTAATCCGGTTCAGTTTAGAATATCG
SR-2.75,CGATATTCTAAACTGAACCGGATTAAGATTAAGTGAATTTTG
SR-2.76,ATCTCTCTCAATCACCAGCCTCTTTTCAACCAAAACGATCATTTTTAAG
SR-2.77,GACGACGAATCGGACGACG
SR-2.78,ACAACATACTTTTTGCTGGATATTAACTTAACAAAAGCCACATCTTTAAAACTTTGAAAATAACAACTTTGCTATACGCCAGGGTTTTCCCAGTCACGAC
SR-2.79,CTTAGACATATTAAAATCACACTGATTGGTGAAATTTATATAAATCTCTAGCAATCAAAAGGAATAAGGCATCACTAGCGGATAACAATTTCACACAGGA
SR-2.80,GGTGCCTTATTTTTGTTAGTTATTCGACTTCCGGTAAATAAACAGGTACAATTAGAACCAGAAACTGCCAATTTTGGAAGCGGATCCCCGGGTTAATTAA
SR-2.81,aagtgaaaaaaactgtgtatacccagatcgctgtactgtaaagtttcatttggattctattgaataaaagcatcagttgagaattcgagctcgtttaaac
SR-3.1,CACCCTCTCCTTAGTAACCG
SR-3.2,ggaaggaatgaacaatgatgagtgc
SR-3.3,TCGATGCCTTGTTTGCGTTTG
SR-3.4,AAGGAAAAAAGCGGCCGC GGTTCAGAGGGCGGCCCC
SR-3.5,AAAGGGAGCTC AATCCTCGTCGCTACCGATGG
SR-3.6,ggggtacc tccagctaaactgaggaccac
SR-3.7,catccgctcgag ttgcaaactttgcttcaaaaagcc
SR-3.8,CGGGATCC ATGGTTACCCCAGGACTTGCATATCC
SR-3.9,GCGCGGATCCATGAGTACAATTTCAGAAGTTGGACC
SR-3.10,GATCTCTCTCAATCACCAGCCTCT AAAAAGCCACCTAACAGCGTAC
SR-3.11,acgcgtcgac agtgaaagagataaccactgcc
SR-3.12,gcgcggatcc actgcagtagttctggtaatttac
SR-3.13,ACGCGTCGACAATCCTCGTCGCTACCGATGG
SR-3.14,CATCCGCTCGAGATGTCTACAGCTAATGTTCGC
SR-3.15,AAAAGCGGCCGCCATCTAACAAGGAATCATGCC
SR-3.16,AAAGGAAGAGGAATCCTGGC
SR-3.17,ggacttcatgtgatgagctgc
SR-3.18,acaacttggattgctacatatgg
SR-3.19,ATCTTCCAGTAAACTACCAGTCC
SR-3.20,GGAAGCAGCGATTTTCTCAC
SR-3.21,GTGAGAAAATCGCTGCTTCCTATGATTCGTTGAATGTTCCC
SR-3.22,TTGAAAAGGTGAGCCGGAAAG
SR-3.23,CTTTCCGGCTCACCTTTTCAACCTAACAGCGTACTCTTGAAAAAATTC
SR-3.24,AAGGAAAAAAGCGGCCGCCCTGTCAGACGATGACTTGAAGG
SR-3.25,ACGCGTCGACTTATTTGTCCAAAACACCTTCTTTTTG
SR-3.26,AAGGAAAAAAGCGGCCGCCTATGATTCGTTGAATGTTCCC
SR-3.27,CATCCGCTCGAGATGAGTAAAGGAGAAGAACTTTTCAC
SR-3.28,AAGGAAAAAAGCGGCCGCTTTGTATAGTTCATCCATGCCATG
SR-3.29,ACGCGTCGACTTATTGAAAATAAGAGAGTTCCAAATTATC
SR-3.30,GCGCTTAATTAACCCGGGAATGCGAGAGGCTGGTGATTGAGAGAGATC
SR-3.31,CGGGATCCATGCCCATTGATCCATTAATAGTGC
SR-3.32,CGGGATCCATGAGCGCTGCAGTTGATCGCAACC
SR-3.33,CGGGATCCATGGTTCCTCGACCTGCTACTTCTG
SR-3.34,CGCGGATCCGAGGATCAGAAAATTATCGCC
SR-3.35,CGCGGATCCTTTAACAAAGCGACTATAAGTC
SR-3.36,ACGCGTCGACCTATTTGTATAGTTCATCCATGCC
SR-3.37,CGCGGATCCATGGTGAAGCGACACAAAAATAC
SR-3.38,CTGCACTATTAATGGATCAATGGG GTCAATTGACAGTGAAGGGG
SR-3.39,CCCCTTCACTGTCAATTGAC CCCATTGATCCATTAATAGTGCAG
SR-3.40,GGTTGCGATCAACTGCAGCGCT GTCAATTGACAGTGAAGGGG
SR-3.41,CCCCTTCACTGTCAATTGAC AGCGCTGCAGTTGATCGCAACC
SR-3.42,GTTTGGGAACATTCAACGAATCATA TGGAACTGGAGATGAACATAAAGG
SR-3.43,CCTTTATGTTCATCTCCAGTTCCA TATGATTCGTTGAATGTTCCCAAAC
SR-3.44,atggcccttaatgtgatcgtg
SR-3.45,TTAATTAACCCGGGGATCCGcttccaaaattggcagtttctgg
SR-3.46,GTTTAAACGAGCTCGAATTCtcaactgatgcttttattcaatagaatcc
SR-3.47,tcaccatcattttgggaaagtttc
SR-3.48,gtgggttcgattcccacaac
SR-3.49,gtcttcattagtttttgacgaggag
SR-3.50,GATAAGTACTTGAAATCCAGCAAG
SR-3.51,gcaaaaaggaagcctttactgcc
SR-3.52,gactaatggtccaaaggagcaacc
SR-3.53,gcgtccagttaatctgattggg
SR-3.54,GTTTAAACGAGCTCGAATTCTTGCAAACTTTGCTTCAAAAAGCC
SR-3.55,TATAGTCGCTTTGTTAAATCATGATGGGCTATTTGCAGTCCC
SR-3.56,CAATCACTAGGCTTTGATGAACG
SR-3.57,CTTAGAAGATGGCAGGCTGCTGGTATCGGCATTGC
SR-3.58,GCAATGCCGATACCAGCAGCCTGCCATCTTCTAAG
SR-3.59,CTTAGAAGATGGCAGGATGATGGTATCGGCATTGC
SR-3.60,GCAATGCCGATACCATCATCCTGCCATCTTCTAAG
SR-3.61,CATCCGCTCGAGatggtgagcaagggcgag
SR-3.62,AAAAGCGGCCGCTTACATCAAAATACAACAAAACTTCTCTAATTTGGAACCTTTCTTTTTAGGAGGTTTcttgtacagctcgtccatgcc
SR-3.63,AAAAGCGGCCGCaaggaatgtctcccttgccag
SR-3.64,TTTGAGCTCcacttctaattacacaaattccg
SR-3.65,TTTGAGCTCATATTACCCTGTTATCCCTAGCGG
SR-3.66,AAAGTCGACATGTCCCCTATACTAGGTTATTGG
SR-3.67,TTTGAGCTCTTATTGAAAATAAGAGAGTTCCAAATTATC
SR-3.68,GCTCGTATTAAACGACAAAATTCAGATAATGATAAACCGGTTCGGTTTAGAATATCG
SR-3.69,CGATATTCTAAACCGAACCGGTTTATCATTATCTGAATTTTGTCGTTTAATACGAGC
SR-3.70,TCTCCTTAAAAATGATCGTTTTGG
SR-3.71,AAAGTCGACCCATGTCCCCTATACTAGGTTATTGG
SR-3.72,ACGCGTCGACGGATCCCCGGGTTAATTAACATGGCCGATGTTCAATTAGTAGAAAG
SR-3.73,GAAGATCTATGAAGGCCATTAATAGCAAACG
SR-3.74,gaagatctgcattactaatagaaaggattatttc
SR-3.75,GTT GTA AAA CGA CGG CCA GTG
SR-3.76,CAG GAA ACA GCT ATG ACC ATG
SR-3.77,ttttgttaattaattcgttgaccttgtagttgattctaattagtgtaaaaattccatttattgcaacatttctttcaatGAATTCGAGCTCGTTTAAAC
SR-3.78,TCTTTTGGACTTTGTCTAAAGTTGATTTCGGAAATAATGAAGGGTTCCGTTCAAAGTGTAAGTAATCATTCTTATCCATGCACTGAGCAGCGTAATCTG
SR-3.79,catccgctcgagatggataagaatgattacttacac
SR-3.80,aaggaaaaaagcggccgcccaatgctcctttcatcg
SR-3.81,tgttcaaacgtgaccagctgg
SR-4.1,gtcgcgttctgctttgacatg
SR-4.2,GGAATTCCATatggataagaatgattacttacac
SR-4.3,aaggaaaaaagcggccgcttacaatgctcctttcatcg
SR-4.4,CTCAATCACCCTTGGTTGAAAAAGCTCTATATACTCTACTGAGCAGACAC
SR-4.5,GTGTCTGCTCAGTAGAGTATATAGAGCTTTTTCAACCAAGGGTGATTGAG
SR-4.6,CTCAATCACCCTTGGTTGAAAAAGAGCTATATACTCTACTGAGCAGACAC
SR-4.7,GTGTCTGCTCAGTAGAGTATATAGCTCTTTTTCAACCAAGGGTGATTGAG
SR-4.8,GCTGTCATCAAATTACCGACCTCCTGATGCATTATCTCCTCGCAAC
SR-4.9,GTTGCGAGGAGATAATGCATCAGGAGGTCGGTAATTTGATGACAGC
SR-4.10,GCTGTCATCAAATTACCGACCTCCTGCTGCATTATCTCCTCGCAAC
SR-4.11,GTTGCGAGGAGATAATGCAGCAGGAGGTCGGTAATTTGATGACAGC
SR-4.12,CTAAGTCGTCGCGCTACTGACCTGGATATGTCAAATGATTTTCG
SR-4.13,CGAAAATCATTTGACATATCCAGGTCAGTAGCGCGACGACTTAG
SR-4.14,CTAAGTCGTCGCGCTACTGCACTGGATATGTCAAATGATTTTCG
SR-4.15,CGAAAATCATTTGACATATCCAGTGCAGTAGCGCGACGACTTAG
SR-4.16,CCTGTTTCTCGAATGAGTGTAAGTGATAGTCCTTTTGCTGTATTTCGTC
SR-4.17,GACGAAATACAGCAAAAGGACTATCACTTACACTCATTCGAGAAACAGG
SR-4.18,CCGACCTCCTTCTGCATTAGCTCCTCGCAACTTTAACGTTTC
SR-4.19,GAAACGTTAAAGTTGCGAGGAGCTAATGCAGAAGGAGGTCGG
SR-4.20,CCTCCAAGAAAGCGTGTCACTGCTAGAATGTCCGAACACACTG
SR-4.21,CAGTGTGTTCGGACATTCTAGCAGTGACACGCTTTCTTGGAGG
SR-4.22,CACACTGGTAATCGAGTCGTAGCCTTCCCGCGCGGCAGTGC
SR-4.23,GCACTGCCGCGCGGGAAGGCTACGACTCGATTACCAGTGTG
SR-4.24,CTTCTACAAAGAAAAAGCTTCGCGGCTCACCTTTTCAACC
SR-4.25,GGTTGAAAAGGTGAGCCGCGAAGCTTTTTCTTTGTAGAAG
SR-4.26,CAAAGAAAAAGCTTCGCGGCCGACCTTTTCAACCAAAACGATC
SR-4.27,GATCGTTTTGGTTGAAAAGGTCGGCCGCGAAGCTTTTTCTTTG
SR-4.28,CCCAAACATAGAAGAAGACAACGCTTATTCCGTCCTTCTTCTACAAAGAAAAAGC
SR-4.29,GCTTTTTCTTTGTAGAAGAAGGACGGAATAAGCGTTGTCTTCTTCTATGTTTGGG
SR-4.30,CAAAGAAAAAGCTTTCCGGCGATCCTTTTCAACCAAAACGATC
SR-4.31,GATCGTTTTGGTTGAAAAGGATCGCCGGAAAGCTTTTTCTTTG
SR-4.32,CAAAGAAAAAGCTTTCCGGCCGACCTTTTCAACCAAAACGATC
SR-4.33,GATCGTTTTGGTTGAAAAGGTCGGCCGGAAAGCTTTTTCTTTG
SR-4.34,GCGCTTAATTAACCCGGGAATGCGAGGTGAGCCGGAAAGCTTTTTC
SR-4.35,CTTCTACAAAGAAAAAGCTTGACGGCGATCCTTTTCAACCAAAACGATC
SR-4.36,GATCGTTTTGGTTGAAAAGGATCGCCGTCAAGCTTTTTCTTTGTAGAAG
SR-4.37,CGATCATTTTTAAGGAGATTATTTGAAAGTGAGCCTTCTTGTAAATGC
SR-4.38,GCATTTACAAGAAGGCTCACTTTCAAATAATCTCCTTAAAAATGATCG
SR-4.39,CGATCATTTTTAAGGAGATTATTTGCTAGTGAGCCTTCTTGTAAATGC
SR-4.40,GCATTTACAAGAAGGCTCACTAGCAAATAATCTCCTTAAAAATGATCG
SR-4.41,CTAAGTCGTCGCGCTACTGAACTGGATATGTCAAATGATTTTCG
SR-4.42,CGAAAATCATTTGACATATCCAGTTCAGTAGCGCGACGACTTAG
SR-4.43,CCCAAACATAGAAGAAGACAACGCTTATTCTCTCCTTCTTCTACAAAG
SR-4.44,CTTTGTAGAAGAAGGAGAGAATAAGCGTTGTCTTCTTCTATGTTTGGG
SR-4.45,CTTTCCCTTCCCACCAACGG
SR-4.46,TCTAACTTCTGCTTCCGTGGG
SR-4.47,GTGGCAAGGGCGCCTTTGG
SR-4.48,CCCAAACATAGAAGAAGACAAGACTTATTCTCTCCTTCTTCTACAAAG
SR-4.49,CTTTGTAGAAGAAGGAGAGAATAAGTCTTGTCTTCTTCTATGTTTGGG
SR-4.50,CAATCACCAGCCTCTTATGATAGGTTGAATGTTCCCAAACATAGAAG
SR-4.51,CTTCTATGTTTGGGAACATTCAACCTATCATAAGAGGCTGGTGATTG
SR-4.52,CTTCGGCATCCAGACCTGTTGCTCGAATGAGTGTAAGTAGTAGTC
SR-4.53,GACTACTACTTACACTCATTCGAGCAACAGGTCTGGATGCCGAAG
SR-4.54,CTTCGGCATCCAGACCTGTTGCTCGAATGGCTGTAAGTAGTAGTCCTTTTGCTG
SR-4.55,CAGCAAAAGGACTACTACTTACAGCCATTCGAGCAACAGGTCTGGATGCCGAAG
SR-4.56,ACGCGTCGACTTA TTGAAAATAAGAGAGTTCCAAATTATC
SR-4.57,TTGGCGCGCC TTATTTGTCCAAAACACCTTCTTTTTG
SR-4.58,CTTCTACAAAGAAAAAGCTTGCCGGCTCACCTTTTCAACC
SR-4.59,GGTTGAAAAGGTGAGCCGGCAAGCTTTTTCTTTGTAGAAG
SR-4.60,GGAATTCCATATG TTTCAACCAAAACGATCATTTTTAAGG
SR-4.61,CATCCGCTCGAG ATGTTTCAACCAAAACGATCATTTTTAAGG
SR-4.62,CGGGATCC TTTCAACCAAAACGATCATTTTTAAGG
SR-4.63,CGGGATCC CTGTCAGACGATGACTTGAAGG
SR-4.64,AAGGAAAAAAGCGGCCGC TTATTTGTCCAAAACACCTTCTTTTTG
SR-4.65,GGAATTCCATATG CTGTCAGACGATGACTTGAAGG
SR-4.66,CATCCGCTCGAG CTGTCAGACGATGACTTGAAGG
SR-4.67,CATCCGCTCGAG ATGCTGTCAGACGATGACTTGAAGG
SR-4.68,gttcgtcctttattcttgatgcg
SR-4.69,CGTCGTCCGATTCGTCGTC
SR-4.70,ACGCGTCGACtacgcattgggcacgcg
SR-4.71,CGCGGATCCgctctgcctcttagacacc
SR-4.72,CGCGGATCCATGAGCAAATCTGCTTTCACAAG
SR-4.73,GCGCttaattaaCCCGGGAATGCGCATTTTAGAACTGAAGCTTCTTG
SR-4.74,TTGGCGCGCCTTACATTTTAGAACTGAAGCTTCTTG
SR-4.75,CGAGCTCttatacgctcttttataggtcaatcg
SR-4.76,CTAGACTAGTgagtgataattcgcgatacc
SR-4.77,CATCCGCTCGAGATGAGCAAATCTGCTTTCACAAG
SR-4.78,AAGGAAAAAAGCGGCCGCTTACATTTTAGAACTGAAGCTTCTTG
SR-4.79,TACCAGCAATATGCTCCTGAGG
SR-4.80,CGACCTGAGTTAAAACTGGAGTTTGAAGAACAC
SR-4.81,GTGTTCTTCAAACTCCAGTTTTAACTCAGGTCG
SR-5.1,aatctagaaaccagcgttctattgaggaccttgttgtcgctttgcaacgtacttctactcgccatgagaagggtgatgctcggatccccgggttaattaa
SR-5.2,caaattggtaccacaaaataaaaatatttttactaaatgtatatataagatatatatgtatatacactatttaatgaaacgaattcgagctcgtttaaac
SR-5.3,atggatggtgggatggtgaaattattaatgttccaaattcaaaacgtggtttattcccgtcgaactttgttcagacggtagctgcagctgcagctgcagctgcacggatccccgggttaattaa
SR-5.4,acattgttaataaaataaaataaaatatattccaatcaactagattctatgtgtatttcctttaaaacagaaatctttaggaattcgagctcgtttaaac
SR-5.5,AGCTGTGTATTGGTTACTCAAGG
SR-5.6,gtactgtggtaaagcatgcagc
SR-5.7,CGTTAGCCTTCGAATGGATCG
SR-5.8,actgaaatagaggagtagtgagc
SR-5.9,GACTCCAAGGCTCTTGATAGG
SR-5.10,tgagagattgagccgaacctg
SR-5.11,TTTTTTTAAGGCTTCTTTTGATTCTTAGTAACTGTTTTACCTTAAGTTGTTATTTTAAAATTGAATATAACACGCAAATCCGGATCCCCGGGTTAATTAA
SR-5.12,AGATGAGAAAGACGTATTTATGAAAATAAACACTCATAGTCATAAGCAAAATAATTGAGAAAACGCATTCAATCTCCTAAGAATTCGAGCTCGTTTAAAC
SR-5.13,CATCTTGGCAATTGTCTGGTGC
SR-5.14,gattgagtaaaccagccattcg
SR-5.15,GTTTCCTTTCTACAGCTCTGCG
SR-5.16,actagtcatgaacagaacattcc
SR-5.17,actcccatattctaagacaaatagttcgttcaaaagaaaaattattgaacactcagataatttaattaagcagtaccaaaCGGATCCCCGGGTTAATTAA
SR-5.18,acattgccgaggtccatgccgaaagcggcatataaaaggccaaatttttttaaatttttgacagtcaataaaaataatcaGAATTCGAGCTCGTTTAAAC
SR-5.19,GGAATTCCATATGGCGGCGTGCATCGGGGAG
SR-5.20,CGGGATCCTTACTGAAAATTAGGAGTTGGATTAG
SR-5.21,CCTTAATTAACGGTGAACAAAAGCTAATCTCCGAG
SR-5.22,TTGGCGCGCCCTAGTGATTGATTAATTTTTGTTCACC
SR-5.23,TTAATTAACCCGGGGATCCGAACGTGCTTTTTCTTTGAAGTAAAC
SR-5.24,ATCTTGCAAAGCCTATTTCCG
SR-5.25,GTTTAAACGAGCTCGAATTCATTTGCATCCATTAAGTTTCCC
SR-5.26,GGTCTAGTGGTATGATACCATC
SR-5.27,GGTGCTGTTCAAAATATGACTG
SR-5.28,gattatcctcaaactaccttcg
SR-5.29,tcgtcggcgcgcatttcgg
SR-5.30,TTAATTAACCCGGGGATCCGtggtcaatttcagagtttaaaggg
SR-5.31,GTTTAAACGAGCTCGAATTCatccgtcgtgcatagtgcttatg
SR-5.32,ttcttatgctgccgcacctgc
SR-5.33,TATAGTCGCTTTGTTAAATCATGATGATACAGATTTTTCTGCGTGTC
SR-5.34,AATCGGATCTGGTTCCGCGTATGATACAGATTTTTCTGCGTGTC
SR-5.35,ATTAGGTACCTTGATGTCCAACGG
SR-5.36,acttaaaaagtaagcctttgtatcc
SR-5.37,TTAATTAACCCGGGGATCCGtgaaccggttgatgtaaatgagc
SR-5.38,GTTTAAACGAGCTCGAATTCgcttcttatttacctaatcgatc
SR-5.39,agacgcgtctaaacgagccg
SR-5.40,TATAGTCGCTTTGTTAAATCATGATGCAAACAGTAATGATGGATGAC
SR-5.41,AATCGGATCTGGTTCCGCGTATGCAAACAGTAATGATGGATGAC
SR-5.42,ACGAACGGACTTCCTAAGCGG
SR-5.43,tggacatcacagactccatgg
SR-5.44,CGATTTTGGGAAAATGACTGGC
SR-5.45,ctaccaacaatttgtccgaacc
SR-5.46,tgggttgaatcccaattgcgg
SR-5.47,TCGGCTTCGTTGATGCGTCC
SR-5.48,cacaagatgaatgtgcattccc
SR-5.49,ttcgtggccgaggagcagg
SR-5.50,ggtgagcaccggaacggc
SR-5.51,GGAAGATCTAGCTACAAATCCCACTGGC
SR-5.52,CCGGAATTCGTGATATTGACGAAACTTTTTGAC
SR-5.53,ATGCATACATATAGCCAGTGGG
SR-5.54,GTAATGATAACTATGTACAAAGCC
SR-5.55,AGTTTTCATATCTTCCTTTATATTCTATTAATTGAATTTCAAACATCGTTTTATTGAGCTCATTTACATCAACCGGTTCACGGATCCCCGGGTTAATTAA
SR-5.56,CTTTTATGAATTATCTATATGCTGTATTCATATGCAAAAATATGTATATTTAAATTTGATCGATTAGGTAAATAAGAAGCGAATTCGAGCTCGTTTAAAC
SR-5.57,AGTTTTCATATCTTCCTTTATATTCTATTAATTGAATTTCAAACATCGTTTTATTGAGCTCATTTACATCAACCGGTTCAGAATTCGAGCTCGTTTAAAC
SR-5.58,AAGTTAGATTCATTATTAGAGTGATTATCTTTTTCAGCAATAGAATCAGTGCTTTGAATGTCATCCATCATTACTGTTTGCATGATTTAACAAAGCGACTATA
SR-5.59,AGCAACTGTCTTCCAACACTTCCATCATTCTTGTACACAAAGGATTGCTTTTAAGTCCCTTTAAACTCTGAAATTGACCAGAATTCGAGCTCGTTTAAAC
SR-5.60,GGCTGTGCTTTTTTGACACGCAGAAAAATCTGAAATTGTCAGCAATTTTAAATAAAGGATTAGAAATTGCTTACCTGTATCATGATTTAACAAAGCGACTATA
SR-5.61,GTTTAAACGAGCTCGAATTCtggtcaatttcagagtttaaaggg
SR-5.62,GTTTAAACGAGCTCGAATTCtgaaccggttgatgtaaatgagc
SR-5.63,TATAGTCGCTTTGTTAAATCATGATACAGGTAAGCAATTTCTAATC
SR-5.64,AATCGGATCTGGTTCCGCGTATACAGGTAAGCAATTTCTAATC
SR-5.65,agtgttaccgtgtctgagtcc
SR-5.66,ATCGGAATCGCTAAGATCACC
SR-5.67,gtacaacctaccgctacatgg
SR-5.68,TGTGATCTAAGGTTCAAGTATGC
SR-5.69,ATCTGTTTTGTCGAGCTGATAAATTCGTGTTTATAGTATTGGGAAGAATTACTCTATAAAACGCTCTTTTTAACTTATAGCGGATCCCCGGGTTAATTAA
SR-5.70,ATTCAAGCACAAGCAGCAGCTGCTCCACCAAACCCAGCATCTTAAATGCTTTGGTAAACATTTTTTACTCTAAAATAAGCGAATTCGAGCTCGTTTAAAC
SR-5.71,AGTTTTCATATCTTCCTTTATATTCTATTAATTGAATTTCAAACATCGTTTTATTGAGCTCATTTACATCAACCGGTTCACGCCAGGGTTTTCCCAGTCACGAC
SR-5.72,CTTTTATGAATTATCTATATGCTGTATTCATATGCAAAAATATGTATATTTAAATTTGATCGATTAGGTAAATAAGAAGCAGCGGATAACAATTTCACACAGGA
SR-5.73,ATCTGTTTTGTCGAGCTGATAAATTCGTGTTTATAGTATTGGGAAGAATTACTCTATAAAACGCTCTTTTTAACTTATAGCGCCAGGGTTTTCCCAGTCACGAC
SR-5.74,ATTCAAGCACAAGCAGCAGCTGCTCCACCAAACCCAGCATCTTAAATGCTTTGGTAAACATTTTTTACTCTAAAATAAGCAGCGGATAACAATTTCACACAGGA
SR-5.75,ctggtgtagtgccgttgtctc
SR-5.76,tttgacgccatatctgtagc
SR-5.77,ACGCGTCGACATGCAAACAGTAATGATGGATGAC
SR-5.78,TCCCCCCGGGTTAAAAGCCTTCTTCTCCCC
SR-5.79,atgatagagatagtgaaatgag
SR-5.80,ACCGCTCTAAATCTTCACC
SR-5.81,GGAATTCCATATGCAAACAGTAATGATGGATGAC
SR-6.1,CGCGGATCCAAAGCCTTCTTCTCCCCATTC
SR-6.2,GCTTTGGAAAGGCGAGGACG
SR-6.3,CCTTAATTAACATGATGGGCAGTGTCGAGC
SR-6.4,TTGGCGCGCCTTATCGTCGAGCTCTGCTC
SR-6.5,ctttacgctaacacctgcc
SR-6.6,ATATCGAACATCCCGAAAGCG
SR-6.7,TAAAACCATTAAGCCCCTCTCGACGCCCTCCGTTGACTTCTTTGTATAGTGGGACAACTGATATCGATATTAATGAATTGCGGATCCCCGGGTTAATTAA
SR-6.8,ATTTCACGTAACGTTATAAATGGAATGTCATTAGAGATTGATAGTGCGTTTAGTTGTCATAAGCACTATGCACGACGGATGAATTCGAGCTCGTTTAAAC
SR-6.9,CTACCAACATTTTTTCTGCTCCACTCAACAATATTACAAATTGTACACCGATGGAGGATGAATGGGGAGAAGAAGGCTTTCGGATCCCCGGGTTAATTAA
SR-6.10,CTTTTATGAATTATCTATATGCTGTATTCATATGCAAAAATATGTATATTTAAATTTGATCGATTAGGTAAATAAGAAGCGAATTCGAGCTCGTTTAAAC
SR-6.11,CGAGCTCatccgtcgtgcatagtgcttatg
SR-6.12,GGACTAGTttaggtggctacttcgtcgtcg
SR-6.13,ACGCCGTACGattggcatggcatggcatggc
SR-6.14,CGCGGATCCtggtcaatttcagagtttaaaggg
SR-6.15,CCTTAATTAACATGATACAGgtaagcaatttctaatcc
SR-6.16,TTGGCGCGCCTTACAATTCATTAATATCGATATCAG
SR-6.17,CGCGGATCCATGGTGAGCAAGGGCGAGG
SR-6.18,CCTTAATTAActtgtacagctcgtccatgc
SR-6.19,tacctgggactctatttgccc
SR-6.20,TCTCCATTTGTTGCTCATGCTGG
SR-6.21,ggggtacctagtcggctgtaaagaatatacc
SR-6.22,AAGGAAAAAAGCGGCCGCCCAAACTACGTTTTTTAAGCTCCC
SR-6.23,GCTTGAAGAATCTGCCCAAGG
SR-6.24,CCTTAATTAACATGATACAGATTTTTCTGCGTGTC
SR-6.25,CTACCTTCGTCAAGGGAGTC
SR-6.26,agcatgtgacttacactcttgg
SR-6.27,CCACCTTCTCAATCACACACC
SR-6.28,CGATCTTGTAACTCCTATAATTATTGAAGTCAGTTTGCAAAGAATTTAGAATTTAAATCACCAAATAATTTGGGCATGAGGAATTCGAGCTCGTTTAAAC
SR-6.29,TCCCATTCCAAATAATCGTTTTTTGTATCATTCCATAATTTCTTTAATTTTCCCAGCAGTCCAGCTGCAGGATTGAAACTCATGATTTAACAAAGCGACTATA
SR-6.30,TATGCACCTCTTCTTCTACAAACGACGCGTTTTAAAAAAAAATCCTTTCACCCATCCTAAATGATACTGATTTAAACAAAGAATTCGAGCTCGTTTAAAC
SR-6.31,GTTTGAGTATAAATCGCGATTTGGGTTAAATATTCTACTTTGTTTTGTTCAAAAGAAATAAGCGTCGTAGTTAATAAATGCATGATTTAACAAAGCGACTATA
SR-6.32,gaaagaacggagcaagctagg
SR-6.33,GTACCAGCTTCTTGAGCTGC
SR-6.34,gcaacataagtgatgattgttgg
SR-6.35,CAGGTGTTAAGTATGCCATGTC
SR-6.36,agtcgtcaatagaggatgtcc
SR-6.37,CAGTGCATACAGGTGTTTGAG
SR-6.38,GGATTTTCTTGTGTATTTATATTTCATATATCTGTTAGTTCTTTATATCGTTTGACGATTTTAAAAAGTCATAACCGAAAGAATTCGAGCTCGTTTAAAC
SR-6.39,TGATCAGTTTCATTTGTCCCAATACTAGATGAGGAGGGAGACCTCCTACTGTAATCTGTAGAGCTCGAAACGATATCACTCATGATTTAACAAAGCGACTATA
SR-6.40,gcttcggagaacaagctaccg
SR-6.41,TTGTAGTCGATCGCTTACTCG
SR-6.42,aagctcaccccgctcaacg
SR-6.43,TACGAGTCATCAGCGTTGCC
SR-6.44,AAAATTCATTCTTTTACATAACTATTCATGCTCTGCTGGTTGTAAACATACGAGTCGTTAATTTATATTTGTTTATGTAAGAATTCGAGCTCGTTTAAAC
SR-6.45,CTTCTATCTCCATTAATTTGTAAAAAGCTTACCTTATCAAAAATTTGACTGAGAATGCGGCTATTAAAATCGTCCAACTCCATGATTTAACAAAGCGACTATA
SR-6.46,acgatggtctaacgaattgtgc
SR-6.47,GCATGCTCTTGTGTTGGTACG
SR-6.48,TCAGTTTCATTTGTCCCAATACTAGATGAGGAGGGAGACCTCCTACTGTAATCTGTAGAGCTCGAAACGATATCACTCATTTTGTATAGTTCATCCATGC
SR-6.49,CTTCTATCTCCATTAATTTGTAAAAAGCTTACCTTATCAAAAATTTGACTGAGAATGCGGCTATTAAAATCGTCCAACTCCATGATTTAACAAAGCGACTATA
SR-6.50,CAGAGGCACGAGACAACTGGAGGGAGAGTCATGATTTGTCAAGTCATTTGTGGGAGCAAATCCAAAGGATGAAGAAGGCGCGGATCCCCGGGTTAATTAA
SR-6.51,GACGCTCGATTTGCCTTTCTTCGTCTTTGCTAAATCCAGCATGCCCTAATCAGTCATACTTTCGGATGCATCGCCGGGCAGAATTCGAGCTCGTTTAAAC
SR-6.52,TTTAGAATTGGAGTTTTGGGAGAGCATTTGCTGTTTATTTATCTTATACGCTCCTTTAATTTTTGGCACCCCGGAGGAACGAATTCGAGCTCGTTTAAAC
SR-6.53,GATAGACGCACTTTCCATACTTTATGTACTATTCTTGATTCTAGAGGAAGTTTGGAGTAGTCTTCTTCTTGATCTTGGCTCATGATTTAACAAAGCGACTATA
SR-6.54,ttgcccctggtaagcgacc
SR-6.55,atcctgttggtgctttccgtactttctccttttccccaaaaac
SR-6.56,cggaaagcaccaacaggatg
SR-6.57,aatgtattcaagattggcagtgg
SR-6.58,tggtgatgattggaccttcg
SR-6.59,taatagttctgacttgtggttc
SR-6.60,ggggtaccGAGGATCAGAAAATTATCGCC
SR-6.61,ACGCGTCGACTTTAACAAAGCGACTATAAGTC
SR-6.62,ACGCGTCGACATGGCCCCTAGAGTTGCACCTG
SR-6.63,AAGGAAAAAAGCGGCCGCCTATTTGTATAGTTCATCCATGCC
SR-6.64,CGGAATTCTCGTTTCATTTTGGAATAGGCAC
SR-6.65,CGGAATTCatggtgagcaagggcgagg
SR-6.66,AAGGAAAAAAGCGGCCGCttacttgtacagctcgtccatg
SR-6.67,ATCTGTTTTGTCGAGCTGATAAATTCGTGTTTATAGTATTGGGAAGAATTACTCTATAAAACGCTCTTTTTAACTTATAGGAATTCGAGCTCGTTTAAAC
SR-6.68,GTGTTTATGGAAATGTCCTTTGTATTCTTTCGCATTAATAAGATAAGTTACTCAGAAGTACCTCTTACCTCAATTACCATTTTGTATAGTTCATCCATGC
SR-6.69,TGCTGGCGATGGGTTGCG
SR-6.70,GCTCTGCAACTGCAACTGG
SR-6.71,CACAACATCTTTGAACGATGC
SR-6.72,cctcgccctcgccctcg
SR-6.73,gtactcgttgtcggagatc
SR-6.74,ttgtttaggcatcacatagtgc
SR-6.75,GATACCCTTCTTCAAGAATACC
SR-6.76,tccaaacccaacccgtacag
SR-6.77,GATATTGGGCACGTAAACGGC
SR-6.78,GCGAGTTTTTAATATTCTCTTCGCAAACAACGCTTCACGTTTCTCTTGTTTCGCTCGTTTCATCAATATATTTGTAATTGGAATTCGAGCTCGTTTAAAC
SR-6.79,TCAGTATATAGATGAAAGCTTTAGAATTTCATACCATTACTTTTAAGGAACTTTAAAAAATCTTGCGCATCCTTATCCGCCATGATTTAACAAAGCGACTATA
SR-6.80,tatcaatccactgaggagtgg
SR-6.81,ccaggcatgatgaaatacgcc
SR-7.1,GTATATAGATGAAAGCTTTAGAATTTCATACCATTACTTTTAAGGAACTTTAAAAAATCTTGCGCATCCTTATCCGCCATTTTGTATAGTTCATCCATGC
SR-7.2,AGACGCACTTTCCATACTTTATGTACTATTCTTGATTCTAGAGGAAGTTTGGAGTAGTCTTCTTCTTGATCTTGGCTCATTTTGTATAGTTCATCCATGC
SR-7.3,ACGCGTCGACATGAGTAAAGGAGAAGAACTTTTC
SR-7.4,AAGGAAAAAAGCGGCCGCTTATTTCAGATTAGTTCTTTGCAATTTTTCC
SR-7.5,aattaatggtataacaacccacg
SR-7.6,aaccgatctcgttggtttctagcagtatcgtaatactgattc
SR-7.7,agaaaccaacgagatcggttttc
SR-7.8,aattgacgcacttgcatccttg
SR-7.9,taaagcaaagcaagaatcttgcc
SR-7.10,ccttatctctacactggtttgc
SR-7.11,atagtttccattacccacacgg
SR-7.12,cgtatattgttctaatgactggc
SR-7.13,ggggtaccatgccaacatcctcttgtcc
SR-7.14,AAGGAAAAAAGCGGCCGCCGGAGTTGCTTTTGTATTCTCG
SR-7.15,AAGGGCGAAGCAGGCACG
SR-7.16,ttaactacgtggaagagttcgg
SR-7.17,GGTTGGTTGATAAGATTCTCC
SR-7.18,atcagtattacgatactgctagaaaccaacgagatcggttttc
SR-7.19,CGGAATTCCAAACTACGTTTTTTAAGCTCCC
SR-7.20,ttgttagacattaagttgcttcc
SR-7.21,TTTCAGGAAGAGGTGAAGGG
SR-7.22,ccaattacgaatgaaaccacc
SR-7.23,CGAGCTCgcttcttatttacctaatcgatc
SR-7.24,GGACTAGTgactattgcaaatccaaacatgg
SR-7.25,ACGCGTCGACagatcctgtctttgaatatgagc
SR-7.26,CGCGGATCCtgaaccggttgatgtaaatgag
SR-7.27,TCCCCCCGGGTTTGTATAGTTCATCCATGCCATG
SR-7.28,TCCCCCCGGGATGCAAACAGTAATGATGGATG
SR-7.29,CGCGGATCCATGCAAACAGTAATGATGGATG
SR-7.30,TTGGCGCGCCTTAAAAGCCTTCTTCTCCCCATTC
SR-7.31,TCCCCCCGGGATGTATCACAAATTGGAGTCATATTG
SR-7.32,CGCGGATCCATGTATCACAAATTGGAGTCATATTG
SR-7.33,CCTTAATTAAATGATGGGCAGTGTCGAGC
SR-7.34,TTGGCGCGCCCTCGTCGAGCTCTGCTC
SR-7.35,TTTCAATATTGGGAGGATTAAATGAAGGACAAAGGCTTCTTTTCATGCATTATTTAAAGATGAAGTCTGATGAAAAGAATCGGATCCCCGGGTTAATTAA
SR-7.36,AAAAAAGGAGCAGAGGAGGCAGTAGCGGAAGCTTCTTCTTGCATGCATAAGTTGAAGACATTAACAGGTTTGAGCGTATAGAATTCGAGCTCGTTTAAAC
SR-7.37,GTATATAGATGAAAGCTTTAGAATTTCATACCATTACTTTTAAGGAACTTTAAAAAATCTTGCGCATCCTTATCCGCCATTCGTCGAGCTCTGCTC
SR-7.38,CCTATTAATTTCCCCTCGTC
SR-7.39,TAGTCAACAATGTTGATGAAACG
SR-7.40,atcttaacagttttcatatcttcc
SR-7.41,ACTGAATCTTTGAGAGGACGC
SR-7.42,ACTAGCACTGTTTAATCTAGCG
SR-7.43,TTTCTATGCTTGAACTTCAAATATAATTTTGACGCGTTTAATAAGCTATCTGGTGAACTAACGCGTTCCTGTCTTTCACCCGGATCCCCGGGTTAATTAA
SR-7.44,ATTATTTTGACAACTTCAACAAAGGGTTTAATTCCCAAATTCAACGTTTTAAAAATTTTAAGTTTAACATGTGAAAAGTTGAATTCGAGCTCGTTTAAAC
SR-7.45,aatctctattcgatctagtggc
SR-7.46,TCGTAGAGACTAACTTCAGGG
SR-7.47,CGTCGTCCGATTCGTCGTC
SR-7.48,GCTCCATACAAGCCAACCACG
SR-7.49,CGGATCCCCGGGTTAATTAAGGCG
SR-7.50,CGATACTAACGCCGCCATCCAGTTTAAACGAGCTCGAATTC
SR-7.51,CGATCATTTTTAAGGAGATTATTTGATAGTGAGCCTTCTTGTAAATGC
SR-7.52,GCATTTACAAGAAGGCTCACTATCAAATAATCTCCTTAAAAATGATCG
SR-7.53,GATCCTGTaaCCGAATTCCCGGGAGTCGTCGCGCTACTTCACTGGATATGTCATAAG
SR-7.54,TCGACTTATGACATATCCAGTGAAGTAGCGCGACGACTCCCGGGAATTCGGttACAG
SR-7.55,GATCCTGTaaCCGAATTCCCGGGAGTCGTCGCGCTACTGCACTGGATATGTCATAAG
SR-7.56,TCGACTTATGACATATCCAGTGCAGTAGCGCGACGACTCCCGGGAATTCGGttACAG
SR-7.57,GATCCTGTaaCCGAATTCCCGGGAGGAGATTATTTAGTAGTGAGCCTTCTTGTAAATAAG
SR-7.58,TCGACTTATTTACAAGAAGGCTCACTACTAAATAATCTCCTCCCGGGAATTCGGttACAG
SR-7.59,GATCCTGTaaCCGAATTCCCGGGAGGAGATTATTTGCTAGTGAGCCTTCTTGTAAATAAG
SR-7.60,TCGACTTATTTACAAGAAGGCTCACTAGCAAATAATCTCCTCCCGGGAATTCGGttACAG
SR-7.61,CGCGGATCCATGATGGGCAGTGTCGAGC
SR-7.62,TCCCCCCGGGTCGTCGAGCTCTGCTCTTG
SR-7.63,TCCCCCCGGGgtttagtcgttagctagatcgc
SR-7.64,AAGGAAAAAAGCGGCCGCgtcctcaatgtacgttaaggc
SR-7.65,GACATTAATGGCAAGAAGAGGG
SR-7.66,AGCTCTAGTGCTGATACAAGG
SR-7.67,TCACAAGACGGTATGATAGCG
SR-7.68,TTGGAAAAGGTGCCAAAACCC
SR-7.69,TCCCCCCGGGtactatgaatcatctttcggagc
SR-7.70,AAGGAAAAAAGCGGCCGCgtgtgttagtagttttgagcag
SR-7.71,AACTGAATAAAGTTAGAACACTGG
SR-7.72,GTTTCAATTGATGAATTGGATGC
SR-7.73,TCCCCCCGGGtacacccaaaactgcatattcg
SR-7.74,AAGGAAAAAAGCGGCCGCcgaaatgttgcatctgatgagg
SR-7.75,TGCTAGCATACAGTGCGACC
SR-7.76,AGAACCGATTTCCCAGAACCC
SR-7.77,GGGAGGAACGACAACAGTTGATACAAATGAGCGAGGACTTGGTAATTGCAATGGATCAACTGAATTTGGAGCAAAAATCACGGATCCCCGGGTTAATTAA
SR-7.78,GCATCAATACATTAGCAATACTCTATCAAAAAAAAAAAAAAAATTATGGAGATTGTTTTTATCAAAAATGAAAGCGCAGAGAATTCGAGCTCGTTTAAAC
SR-7.79,CCATTGATTTAGCTGCCAAACTAAAACAAAAAATTACTGAGATGAAACAAACAGACCAAAGACATCAGGGATTGATTCACCGGATCCCCGGGTTAATTAA
SR-7.80,GATATTATCATTATTCTAAAACATTAAAAAATAGAAAGGGAAGTAAGGGACATTGGAATGTAAACGAAAGAATTTAAAAAGAATTCGAGCTCGTTTAAAC
SR-7.81,AAAGGGAGGAACGACAACAG
SR-8.1,CTAAAGCCATTGATTTAGCTGC
SR-8.2,gtttgacgatgattgcctacg
SR-8.3,AGGCTCCTTTGCTTCGGGC
SR-8.4,CCATTGATTTAGCTGCCAAACTAAAACAAAAAATTACTGAGATGAAACAAACAGACCAAAGACATCAGGGATTGATTCACGGATCCATGAGTAAAGGAGAAGAACTTTTCAC
SR-8.5,ctgctagttcgtcggtgacc
SR-8.6,agtaatcaatcacaggaagccg
SR-8.7,ACGTATATGATAAACCATCTAATTCATCAAGAACTAGTCTTTTGCGGAGTAGCAGAAGTGCCTATTCCAAAATGAAACGACGGATCCCCGGGTTAATTAA
SR-8.8,TTAACCAGCCAAAGCCCCAAGATGTAATACATTTCTATTGTATTTTCGTCCATTAAGTATAAATTAATAAAATCGTGTCAGAATTCGAGCTCGTTTAAAC
SR-8.9,TGAAGCTAATCGTTGCTATGACAACGAATTGTAAATAAATCTGATCAAACAACAAACAGAGTTGCAAGCTTGGTTATGGGCGGATCCCCGGGTTAATTAA
SR-8.10,AATTAGGTCGTTAGTAAAATAAAAAGAATATTTAAAAATGGTTACAATAATTAAGACTTTTAAGATAGAAAGTAAATCCCGAATTCGAGCTCGTTTAAAC
SR-8.11,ATATTATATTAAAGAGGTATACCAAAAATCAATTTCTCACTATGAGCTCCAAGCTGACAGTGTATCAAGCGACTACATCCCGGATCCCCGGGTTAATTAA
SR-8.12,TACTTTTCACATTTTGATTATGCGTATTTGTTAGTGTACATATTCATCGCCTGTAAGATGATGCTTAAGGCGTAAGTTAAGAATTCGAGCTCGTTTAAAC
SR-8.13,ggtacgcgatttggtctagc
SR-8.14,TTGATCATTCTTTTCTATCTGGG